interview_id,applicant_id,interviewer_id ,interview_date,interview_time
1,1,1,2/1/2023,11:14 AM
2,2,2,3/16/2023,8:36 PM
3,3,3,8/26/2023,10:04 AM
4,4,4,5/16/2023,5:59 PM
5,5,5,5/30/2023,9:28 AM
6,6,6,4/4/2023,3:40 PM
7,7,7,11/27/2023,8:17 PM
8,8,8,6/2/2023,2:51 AM
9,9,9,10/9/2023,3:56 AM
10,10,10,4/25/2023,8:06 PM
11,11,11,3/8/2023,9:45 PM
12,12,12,2/7/2023,2:33 AM
13,13,13,7/1/2023,9:51 AM
14,14,14,8/16/2023,8:50 AM
15,15,15,2/7/2023,3:17 PM
16,16,16,9/4/2023,8:03 AM
17,17,17,5/15/2023,1:44 AM
18,18,18,11/30/2023,1:16 AM
19,19,19,1/11/2023,8:54 PM
20,20,20,11/19/2023,2:56 PM
21,21,21,3/26/2023,11:08 AM
22,22,22,6/4/2023,1:23 AM
23,23,23,7/27/2023,4:13 AM
24,24,24,8/7/2023,6:14 AM
25,25,25,4/18/2023,7:17 AM
26,26,26,3/10/2023,10:48 AM
27,27,27,10/4/2023,1:28 PM
28,28,28,6/19/2023,12:12 PM
29,29,29,3/13/2023,12:31 PM
30,30,30,12/28/2023,11:00 AM
31,31,31,3/21/2023,8:31 AM
32,32,32,2/6/2023,4:52 PM
33,33,33,8/21/2023,8:42 PM
34,34,34,11/20/2023,9:07 PM
35,35,35,1/31/2023,10:31 AM
36,36,36,11/29/2023,5:18 PM
37,37,37,6/24/2023,4:35 PM
38,38,38,11/23/2023,10:34 AM
39,39,39,1/12/2023,9:47 AM
40,40,40,10/17/2023,12:03 PM
41,41,41,9/15/2023,4:12 PM
42,42,42,8/29/2023,10:37 PM
43,43,43,12/11/2023,11:47 AM
44,44,44,3/22/2023,8:24 PM
45,45,45,2/6/2023,5:13 AM
46,46,46,9/16/2023,3:10 PM
47,47,47,9/17/2023,4:29 PM
48,48,48,4/5/2023,8:52 AM
49,49,49,11/13/2023,2:37 PM
50,50,50,1/11/2023,7:06 AM
51,51,51,5/30/2023,4:56 PM
52,52,52,6/30/2023,9:07 PM
53,53,53,8/26/2023,10:52 AM
54,54,54,9/28/2023,3:23 AM
55,55,55,8/11/2023,1:57 PM
56,56,56,12/11/2023,4:28 PM
57,57,57,11/21/2023,7:05 PM
58,58,58,2/17/2023,2:23 PM
59,59,59,12/1/2023,3:22 PM
60,60,60,8/14/2023,4:34 PM
61,61,61,4/16/2023,10:34 PM
62,62,62,1/21/2023,12:12 AM
63,63,63,1/18/2023,5:30 PM
64,64,64,3/9/2023,2:25 AM
65,65,65,8/1/2023,6:23 AM
66,66,66,10/2/2023,6:41 PM
67,67,67,4/21/2023,12:04 PM
68,68,68,7/9/2023,3:21 AM
69,69,69,2/12/2023,6:34 PM
70,70,70,4/28/2023,11:38 AM
71,71,71,12/23/2023,11:35 PM
72,72,72,5/17/2023,5:40 AM
73,73,73,11/13/2023,1:56 PM
74,74,74,9/19/2023,5:11 AM
75,75,75,8/26/2023,7:32 PM
76,76,76,8/16/2023,11:17 AM
77,77,77,12/4/2023,2:55 AM
78,78,78,12/3/2023,11:07 PM
79,79,79,7/21/2023,8:09 AM
80,80,80,2/27/2023,2:09 AM
81,81,81,10/29/2023,1:49 AM
82,82,82,8/23/2023,9:13 PM
83,83,83,10/17/2023,2:55 PM
84,84,84,4/19/2023,1:14 PM
85,85,85,5/20/2023,11:27 PM
86,86,86,11/5/2023,6:33 PM
87,87,87,1/23/2023,12:16 AM
88,88,88,8/3/2023,4:06 PM
89,89,89,1/13/2023,10:50 AM
90,90,90,10/22/2023,10:25 AM
91,91,91,11/6/2023,2:46 PM
92,92,92,2/3/2023,10:16 AM
93,93,93,8/13/2023,3:59 PM
94,94,94,12/22/2023,5:56 PM
95,95,95,11/27/2023,5:50 PM
96,96,96,5/27/2023,7:02 PM
97,97,97,4/12/2023,4:02 PM
98,98,98,3/2/2023,8:20 PM
99,99,99,5/4/2023,9:16 AM
100,100,100,12/14/2023,8:37 AM
101,101,101,5/18/2023,11:15 AM
102,102,102,10/17/2023,3:10 AM
103,103,103,9/28/2023,5:49 PM
104,104,104,11/17/2023,4:01 AM
105,105,105,10/9/2023,3:53 AM
106,106,106,1/13/2023,3:33 AM
107,107,107,8/13/2023,7:12 PM
108,108,108,4/14/2023,8:38 AM
109,109,109,10/12/2023,12:37 PM
110,110,110,12/12/2023,5:01 PM
111,111,111,4/4/2023,8:28 AM
112,112,112,4/19/2023,7:24 PM
113,113,113,5/29/2023,6:20 AM
114,114,114,9/8/2023,7:26 PM
115,115,115,4/16/2023,9:57 PM
116,116,116,10/29/2023,4:55 PM
117,117,117,1/28/2023,3:17 AM
118,118,118,9/30/2023,11:48 AM
119,119,119,10/16/2023,1:19 AM
120,120,120,9/21/2023,4:09 AM
121,121,121,12/9/2023,12:07 PM
122,122,122,5/24/2023,11:53 AM
123,123,123,9/10/2023,9:43 AM
124,124,124,5/27/2023,4:13 PM
125,125,125,10/18/2023,1:15 AM
126,126,126,12/1/2023,1:15 PM
127,127,127,10/23/2023,1:52 AM
128,128,128,4/21/2023,2:00 AM
129,129,129,12/8/2023,8:21 PM
130,130,130,2/27/2023,1:45 PM
131,131,131,4/9/2023,12:59 PM
132,132,132,6/20/2023,4:15 PM
133,133,133,4/15/2023,5:54 AM
134,134,134,2/24/2023,11:05 PM
135,135,135,10/10/2023,8:42 AM
136,136,136,5/16/2023,2:05 PM
137,137,137,8/28/2023,8:29 AM
138,138,138,6/25/2023,2:55 AM
139,139,139,2/17/2023,6:29 PM
140,140,140,11/22/2023,11:04 AM
141,141,141,8/11/2023,7:58 AM
142,142,142,6/22/2023,6:02 PM
143,143,143,12/22/2023,5:34 AM
144,144,144,8/2/2023,8:43 PM
145,145,145,5/17/2023,10:09 AM
146,146,146,7/16/2023,9:54 AM
147,147,147,5/29/2023,7:04 AM
148,148,148,5/28/2023,2:39 PM
149,149,149,11/11/2023,7:04 AM
150,150,150,10/30/2023,10:57 AM
151,151,151,5/21/2023,5:40 AM
152,152,152,6/6/2023,4:20 PM
153,153,153,8/16/2023,9:55 AM
154,154,154,4/10/2023,2:51 PM
155,155,155,6/1/2023,3:40 AM
156,156,156,6/19/2023,7:10 AM
157,157,157,1/7/2023,1:52 PM
158,158,158,4/30/2023,12:49 AM
159,159,159,5/10/2023,3:32 PM
160,160,160,3/13/2023,10:50 AM
161,161,161,12/12/2023,6:28 PM
162,162,162,2/10/2023,5:00 AM
163,163,163,12/15/2023,3:56 AM
164,164,164,9/14/2023,4:06 AM
165,165,165,8/7/2023,7:16 AM
166,166,166,9/20/2023,9:34 PM
167,167,167,10/25/2023,3:20 PM
168,168,168,12/19/2023,6:22 AM
169,169,169,7/1/2023,8:49 AM
170,170,170,9/3/2023,12:07 AM
171,171,171,2/16/2023,9:20 AM
172,172,172,9/17/2023,8:10 AM
173,173,173,12/23/2023,6:17 PM
174,174,174,12/6/2023,10:40 AM
175,175,175,10/22/2023,11:35 AM
176,176,176,12/20/2023,8:32 AM
177,177,177,4/27/2023,11:28 PM
178,178,178,6/25/2023,8:28 PM
179,179,179,9/14/2023,2:34 AM
180,180,180,9/4/2023,10:10 PM
181,181,181,11/16/2023,10:22 PM
182,182,182,3/17/2023,9:39 PM
183,183,183,11/12/2023,9:15 AM
184,184,184,2/23/2023,6:22 AM
185,185,185,11/25/2023,8:17 AM
186,186,186,8/27/2023,2:15 PM
187,187,187,7/12/2023,5:41 PM
188,188,188,1/16/2023,5:03 AM
189,189,189,5/26/2023,4:40 AM
190,190,190,12/22/2023,2:04 PM
191,191,191,6/10/2023,9:44 AM
192,192,192,10/12/2023,6:30 PM
193,193,193,8/25/2023,7:46 PM
194,194,194,4/1/2023,4:30 AM
195,195,195,10/15/2023,7:51 PM
196,196,196,3/30/2023,4:29 PM
197,197,197,7/28/2023,11:09 PM
198,198,198,9/23/2023,6:07 PM
199,199,199,10/22/2023,5:22 PM
200,200,200,12/9/2023,12:17 AM
201,201,201,4/13/2023,11:42 AM
202,202,202,11/14/2023,6:09 AM
203,203,203,2/16/2023,3:25 AM
204,204,204,11/10/2023,6:21 PM
205,205,205,5/18/2023,9:35 AM
206,206,206,11/4/2023,3:37 AM
207,207,207,1/31/2023,2:38 AM
208,208,208,8/26/2023,12:21 PM
209,209,209,12/14/2023,4:55 AM
210,210,210,4/1/2023,12:33 AM
211,211,211,11/18/2023,12:27 PM
212,212,212,7/8/2023,2:59 PM
213,213,213,12/19/2023,9:27 AM
214,214,214,8/4/2023,8:48 PM
215,215,215,12/18/2023,4:17 AM
216,216,216,4/10/2023,8:00 AM
217,217,217,10/4/2023,9:34 PM
218,218,218,5/20/2023,9:21 PM
219,219,219,5/28/2023,8:49 PM
220,220,220,3/27/2023,10:03 PM
221,221,221,6/13/2023,10:37 AM
222,222,222,2/19/2023,4:58 AM
223,223,223,6/18/2023,7:43 PM
224,224,224,7/16/2023,9:50 PM
225,225,225,8/18/2023,8:36 AM
226,226,226,9/14/2023,11:46 PM
227,227,227,5/5/2023,3:35 AM
228,228,228,12/3/2023,4:36 AM
229,229,229,9/13/2023,5:37 AM
230,230,230,10/12/2023,6:24 AM
231,231,231,12/9/2023,9:16 PM
232,232,232,5/4/2023,10:37 AM
233,233,233,10/26/2023,12:49 AM
234,234,234,2/22/2023,6:35 AM
235,235,235,11/30/2023,6:48 PM
236,236,236,12/7/2023,4:09 AM
237,237,237,1/10/2023,5:38 PM
238,238,238,8/13/2023,9:28 AM
239,239,239,6/16/2023,5:43 PM
240,240,240,5/14/2023,9:58 AM
241,241,241,10/3/2023,5:49 AM
242,242,242,12/4/2023,7:11 AM
243,243,243,11/19/2023,7:40 PM
244,244,244,4/14/2023,11:19 AM
245,245,245,3/20/2023,5:47 PM
246,246,246,6/20/2023,12:00 AM
247,247,247,2/7/2023,12:08 PM
248,248,248,7/13/2023,10:55 PM
249,249,249,12/12/2023,5:12 AM
250,250,250,7/19/2023,11:49 PM
251,251,251,5/13/2023,2:07 AM
252,252,252,9/20/2023,9:40 AM
253,253,253,8/18/2023,1:53 AM
254,254,254,5/15/2023,1:34 AM
255,255,255,9/8/2023,7:42 AM
256,256,256,12/7/2023,1:17 PM
257,257,257,7/19/2023,6:31 PM
258,258,258,6/3/2023,2:04 PM
259,259,259,10/29/2023,2:40 PM
260,260,260,4/28/2023,11:35 AM
261,261,261,3/16/2023,4:07 AM
262,262,262,5/4/2023,7:23 AM
263,263,263,6/16/2023,4:48 PM
264,264,264,11/21/2023,11:13 PM
265,265,265,6/2/2023,7:28 PM
266,266,266,6/2/2023,8:22 PM
267,267,267,4/23/2023,1:00 AM
268,268,268,2/18/2023,8:54 AM
269,269,269,4/7/2023,9:10 AM
270,270,270,3/26/2023,10:39 AM
271,271,271,9/23/2023,3:31 AM
272,272,272,12/29/2023,11:17 AM
273,273,273,3/30/2023,1:34 PM
274,274,274,7/1/2023,2:20 AM
275,275,275,11/19/2023,2:56 AM
276,276,276,6/18/2023,10:31 PM
277,277,277,7/22/2023,12:26 AM
278,278,278,1/13/2023,2:26 PM
279,279,279,8/28/2023,1:28 PM
280,280,280,5/8/2023,12:00 PM
281,281,281,2/6/2023,5:04 AM
282,282,282,8/27/2023,5:01 PM
283,283,283,4/18/2023,10:45 PM
284,284,284,2/4/2023,4:25 PM
285,285,285,6/14/2023,4:25 AM
286,286,286,1/24/2023,11:45 AM
287,287,287,6/5/2023,6:36 PM
288,288,288,6/7/2023,4:45 PM
289,289,289,12/11/2023,10:36 AM
290,290,290,8/9/2023,1:06 PM
291,291,291,8/23/2023,10:50 AM
292,292,292,1/15/2023,4:44 PM
293,293,293,7/20/2023,6:10 PM
294,294,294,1/6/2023,12:35 PM
295,295,295,8/2/2023,1:57 AM
296,296,296,9/13/2023,1:18 AM
297,297,297,10/3/2023,12:04 PM
298,298,298,5/25/2023,3:32 AM
299,299,299,5/21/2023,9:54 PM
300,300,300,11/8/2023,3:06 AM
301,301,301,9/9/2023,6:27 AM
302,302,302,4/13/2023,9:41 AM
303,303,303,1/30/2023,9:14 AM
304,304,304,7/22/2023,11:21 PM
305,305,305,11/24/2023,3:07 PM
306,306,306,2/26/2023,4:04 AM
307,307,307,9/30/2023,7:36 AM
308,308,308,3/4/2023,3:36 PM
309,309,309,12/26/2023,10:19 PM
310,310,310,7/12/2023,2:33 AM
311,311,311,6/16/2023,10:30 PM
312,312,312,7/4/2023,9:53 PM
313,313,313,10/9/2023,4:07 AM
314,314,314,2/11/2023,4:50 PM
315,315,315,11/15/2023,10:55 AM
316,316,316,1/27/2023,11:47 AM
317,317,317,6/27/2023,8:50 AM
318,318,318,5/28/2023,7:44 AM
319,319,319,7/2/2023,7:50 PM
320,320,320,3/23/2023,5:44 AM
321,321,321,3/6/2023,4:06 AM
322,322,322,4/17/2023,5:53 AM
323,323,323,11/3/2023,1:27 PM
324,324,324,2/4/2023,10:14 AM
325,325,325,6/21/2023,4:18 PM
326,326,326,2/6/2023,4:45 PM
327,327,327,11/2/2023,1:01 PM
328,328,328,3/5/2023,1:32 PM
329,329,329,3/29/2023,2:14 AM
330,330,330,3/28/2023,12:47 AM
331,331,331,9/18/2023,1:00 AM
332,332,332,11/23/2023,7:11 PM
333,333,333,9/27/2023,2:54 PM
334,334,334,6/12/2023,4:16 AM
335,335,335,5/3/2023,7:44 AM
336,336,336,7/17/2023,3:21 AM
337,337,337,2/12/2023,12:11 AM
338,338,338,6/12/2023,12:05 AM
339,339,339,11/25/2023,4:21 AM
340,340,340,4/6/2023,12:00 PM
341,341,341,6/8/2023,5:53 AM
342,342,342,8/1/2023,8:24 AM
343,343,343,2/7/2023,5:06 PM
344,344,344,12/25/2023,11:00 PM
345,345,345,4/25/2023,1:50 AM
346,346,346,6/29/2023,10:20 PM
347,347,347,1/27/2023,4:04 AM
348,348,348,2/21/2023,9:57 AM
349,349,349,11/28/2023,4:10 PM
350,350,350,7/7/2023,8:59 AM
351,351,351,4/28/2023,5:39 AM
352,352,352,1/8/2023,7:15 AM
353,353,353,7/4/2023,10:44 PM
354,354,354,8/24/2023,6:49 AM
355,355,355,11/3/2023,5:07 PM
356,356,356,2/11/2023,12:17 AM
357,357,357,1/27/2023,1:45 AM
358,358,358,5/4/2023,12:58 PM
359,359,359,9/25/2023,8:10 AM
360,360,360,12/17/2023,5:24 AM
361,361,361,4/4/2023,11:02 PM
362,362,362,7/7/2023,2:12 AM
363,363,363,7/19/2023,7:33 AM
364,364,364,2/14/2023,12:58 PM
365,365,365,9/27/2023,5:05 AM
366,366,366,7/4/2023,6:57 PM
367,367,367,8/16/2023,8:10 AM
368,368,368,11/18/2023,2:50 PM
369,369,369,8/1/2023,8:34 PM
370,370,370,4/19/2023,8:17 AM
371,371,371,4/22/2023,3:44 PM
372,372,372,11/14/2023,12:23 AM
373,373,373,10/21/2023,8:38 AM
374,374,374,4/26/2023,4:58 AM
375,375,375,7/26/2023,11:15 PM
376,376,376,7/12/2023,1:47 PM
377,377,377,12/29/2023,9:10 PM
378,378,378,12/15/2023,6:49 PM
379,379,379,9/27/2023,2:12 AM
380,380,380,11/27/2023,7:05 AM
381,381,381,7/14/2023,2:39 AM
382,382,382,11/17/2023,3:31 PM
383,383,383,7/24/2023,1:57 PM
384,384,384,7/4/2023,5:59 AM
385,385,385,3/26/2023,3:02 AM
386,386,386,1/24/2023,2:58 PM
387,387,387,5/1/2023,3:28 AM
388,388,388,7/13/2023,5:53 AM
389,389,389,11/12/2023,3:31 AM
390,390,390,3/15/2023,11:14 AM
391,391,391,11/24/2023,6:03 AM
392,392,392,8/16/2023,3:12 AM
393,393,393,1/4/2023,3:11 AM
394,394,394,7/22/2023,12:30 PM
395,395,395,11/11/2023,2:57 PM
396,396,396,3/19/2023,10:31 AM
397,397,397,2/22/2023,10:02 AM
398,398,398,6/2/2023,7:03 AM
399,399,399,5/22/2023,4:41 PM
400,400,400,4/6/2023,9:13 PM
401,401,401,5/7/2023,1:47 AM
402,402,402,5/16/2023,5:39 PM
403,403,403,5/1/2023,5:36 AM
404,404,404,1/23/2023,4:47 PM
405,405,405,8/16/2023,4:12 PM
406,406,406,9/18/2023,12:29 AM
407,407,407,6/18/2023,7:50 PM
408,408,408,12/16/2023,8:49 AM
409,409,409,4/4/2023,12:24 PM
410,410,410,12/20/2023,3:13 AM
411,411,411,3/18/2023,10:31 AM
412,412,412,2/18/2023,7:17 AM
413,413,413,3/12/2023,12:33 PM
414,414,414,3/29/2023,3:27 AM
415,415,415,1/2/2023,10:49 AM
416,416,416,2/5/2023,6:18 PM
417,417,417,8/30/2023,12:10 AM
418,418,418,2/13/2023,8:29 AM
419,419,419,3/2/2023,9:49 AM
420,420,420,11/18/2023,3:56 PM
421,421,421,8/9/2023,9:57 PM
422,422,422,5/20/2023,8:58 AM
423,423,423,6/28/2023,2:12 AM
424,424,424,3/4/2023,5:12 PM
425,425,425,11/15/2023,4:33 PM
426,426,426,9/13/2023,5:30 AM
427,427,427,2/15/2023,1:44 AM
428,428,428,8/11/2023,6:04 PM
429,429,429,3/11/2023,10:27 AM
430,430,430,7/28/2023,1:37 AM
431,431,431,11/19/2023,5:26 PM
432,432,432,4/6/2023,10:12 PM
433,433,433,8/22/2023,5:18 PM
434,434,434,9/26/2023,2:43 AM
435,435,435,11/26/2023,6:03 AM
436,436,436,2/4/2023,10:49 PM
437,437,437,6/9/2023,6:57 AM
438,438,438,7/9/2023,10:10 AM
439,439,439,7/26/2023,8:46 PM
440,440,440,12/12/2023,4:49 AM
441,441,441,6/6/2023,11:36 AM
442,442,442,8/11/2023,9:35 AM
443,443,443,11/6/2023,2:44 PM
444,444,444,9/21/2023,2:48 AM
445,445,445,10/31/2023,10:03 AM
446,446,446,7/7/2023,9:45 PM
447,447,447,1/23/2023,11:41 PM
448,448,448,9/26/2023,5:36 AM
449,449,449,10/11/2023,6:36 PM
450,450,450,8/15/2023,6:13 PM
451,451,451,10/9/2023,3:13 AM
452,452,452,10/27/2023,4:28 PM
453,453,453,4/20/2023,8:35 AM
454,454,454,9/10/2023,12:36 AM
455,455,455,4/29/2023,8:06 AM
456,456,456,3/24/2023,2:07 AM
457,457,457,9/14/2023,5:56 PM
458,458,458,5/29/2023,11:15 AM
459,459,459,6/16/2023,3:25 AM
460,460,460,1/20/2023,9:16 PM
461,461,461,11/27/2023,7:26 PM
462,462,462,5/11/2023,3:13 PM
463,463,463,8/6/2023,7:07 AM
464,464,464,9/20/2023,11:28 PM
465,465,465,10/20/2023,11:09 AM
466,466,466,1/11/2023,2:03 PM
467,467,467,5/15/2023,3:25 AM
468,468,468,8/26/2023,3:12 PM
469,469,469,4/13/2023,9:50 AM
470,470,470,4/9/2023,10:48 AM
471,471,471,1/5/2023,8:52 PM
472,472,472,7/10/2023,7:19 AM
473,473,473,1/23/2023,2:46 AM
474,474,474,10/31/2023,4:47 PM
475,475,475,10/10/2023,2:20 PM
476,476,476,12/4/2023,12:48 AM
477,477,477,6/24/2023,12:25 AM
478,478,478,9/25/2023,9:14 PM
479,479,479,4/5/2023,4:41 PM
480,480,480,7/25/2023,10:42 PM
481,481,481,3/23/2023,5:33 AM
482,482,482,4/14/2023,1:39 AM
483,483,483,1/17/2023,3:06 AM
484,484,484,12/10/2023,3:03 PM
485,485,485,6/7/2023,6:42 PM
486,486,486,12/7/2023,1:29 AM
487,487,487,12/29/2023,9:42 PM
488,488,488,6/24/2023,9:06 AM
489,489,489,3/15/2023,4:01 AM
490,490,490,7/4/2023,6:50 PM
491,491,491,10/18/2023,12:17 PM
492,492,492,12/3/2023,12:04 PM
493,493,493,4/9/2023,11:25 PM
494,494,494,8/13/2023,12:46 AM
495,495,495,2/28/2023,6:36 PM
496,496,496,1/31/2023,10:26 PM
497,497,497,6/22/2023,7:29 AM
498,498,498,8/29/2023,5:16 AM
499,499,499,10/29/2023,4:00 AM
500,500,500,12/18/2023,6:53 AM
501,501,501,5/10/2023,8:21 PM
502,502,502,7/30/2023,12:24 AM
503,503,503,2/14/2023,12:56 AM
504,504,504,2/20/2023,5:19 PM
505,505,505,11/22/2023,11:12 AM
506,506,506,9/20/2023,9:57 AM
507,507,507,4/5/2023,12:27 PM
508,508,508,1/18/2023,4:44 PM
509,509,509,6/26/2023,5:45 PM
510,510,510,8/17/2023,4:19 AM
511,511,511,10/2/2023,6:24 AM
512,512,512,3/20/2023,8:41 PM
513,513,513,6/30/2023,10:21 AM
514,514,514,11/28/2023,9:17 AM
515,515,515,2/6/2023,11:44 AM
516,516,516,12/11/2023,8:50 AM
517,517,517,6/1/2023,4:02 PM
518,518,518,6/28/2023,1:49 AM
519,519,519,2/5/2023,3:29 PM
520,520,520,9/11/2023,9:56 AM
521,521,521,4/26/2023,3:01 AM
522,522,522,4/1/2023,12:44 PM
523,523,523,9/25/2023,9:17 AM
524,524,524,2/26/2023,12:03 AM
525,525,525,4/29/2023,9:43 PM
526,526,526,3/5/2023,10:29 AM
527,527,527,5/7/2023,10:06 PM
528,528,528,12/13/2023,2:56 AM
529,529,529,7/29/2023,3:50 AM
530,530,530,1/20/2023,3:37 AM
531,531,531,2/18/2023,5:13 PM
532,532,532,8/29/2023,3:20 PM
533,533,533,2/12/2023,10:09 PM
534,534,534,8/24/2023,1:54 PM
535,535,535,1/25/2023,1:44 AM
536,536,536,3/7/2023,6:06 AM
537,537,537,1/30/2023,6:41 PM
538,538,538,7/22/2023,11:57 PM
539,539,539,1/15/2023,1:58 PM
540,540,540,1/26/2023,11:24 PM
541,541,541,12/22/2023,4:35 PM
542,542,542,7/6/2023,3:59 PM
543,543,543,3/27/2023,1:46 AM
544,544,544,11/28/2023,6:16 AM
545,545,545,1/23/2023,6:01 PM
546,546,546,12/29/2023,8:20 PM
547,547,547,5/22/2023,8:55 PM
548,548,548,9/18/2023,10:29 PM
549,549,549,12/6/2023,11:17 PM
550,550,550,1/3/2023,3:26 AM
551,551,551,10/23/2023,8:58 PM
552,552,552,8/8/2023,12:56 PM
553,553,553,12/15/2023,7:24 PM
554,554,554,5/29/2023,12:00 PM
555,555,555,3/17/2023,1:22 PM
556,556,556,7/18/2023,2:22 AM
557,557,557,6/26/2023,12:15 AM
558,558,558,10/2/2023,8:47 PM
559,559,559,4/20/2023,12:21 AM
560,560,560,12/14/2023,1:23 AM
561,561,561,7/19/2023,8:16 AM
562,562,562,12/4/2023,8:09 AM
563,563,563,1/31/2023,9:20 AM
564,564,564,7/8/2023,11:52 PM
565,565,565,7/11/2023,11:24 AM
566,566,566,5/17/2023,12:00 AM
567,567,567,2/10/2023,12:51 PM
568,568,568,6/7/2023,7:38 PM
569,569,569,9/22/2023,12:20 PM
570,570,570,7/28/2023,9:24 AM
571,571,571,12/23/2023,10:22 PM
572,572,572,6/21/2023,2:22 PM
573,573,573,3/20/2023,7:48 AM
574,574,574,8/17/2023,7:53 PM
575,575,575,4/2/2023,2:20 AM
576,576,576,5/12/2023,9:00 PM
577,577,577,9/16/2023,1:47 PM
578,578,578,2/19/2023,3:03 PM
579,579,579,9/14/2023,7:39 PM
580,580,580,4/11/2023,3:57 PM
581,581,581,1/31/2023,5:35 PM
582,582,582,9/9/2023,2:08 PM
583,583,583,11/25/2023,10:07 PM
584,584,584,3/26/2023,5:17 AM
585,585,585,8/23/2023,4:58 PM
586,586,586,3/18/2023,12:23 PM
587,587,587,1/7/2023,5:31 AM
588,588,588,5/15/2023,6:25 AM
589,589,589,11/26/2023,10:41 PM
590,590,590,12/11/2023,12:57 AM
591,591,591,3/16/2023,3:46 AM
592,592,592,7/24/2023,4:16 AM
593,593,593,4/14/2023,6:32 AM
594,594,594,6/13/2023,6:01 AM
595,595,595,6/11/2023,5:19 PM
596,596,596,7/17/2023,11:21 PM
597,597,597,4/28/2023,11:45 PM
598,598,598,8/10/2023,1:15 PM
599,599,599,4/11/2023,5:26 AM
600,600,600,3/17/2023,2:10 PM
601,601,601,8/25/2023,1:44 PM
602,602,602,9/7/2023,4:47 AM
603,603,603,2/23/2023,7:18 PM
604,604,604,3/22/2023,12:55 AM
605,605,605,3/19/2023,9:51 PM
606,606,606,4/19/2023,8:03 PM
607,607,607,2/18/2023,3:50 PM
608,608,608,10/3/2023,9:25 PM
609,609,609,12/8/2023,3:37 PM
610,610,610,1/13/2023,6:29 PM
611,611,611,5/28/2023,10:15 AM
612,612,612,1/13/2023,7:44 AM
613,613,613,5/13/2023,3:41 AM
614,614,614,11/20/2023,2:52 AM
615,615,615,10/15/2023,3:17 PM
616,616,616,10/30/2023,12:10 PM
617,617,617,8/11/2023,6:01 AM
618,618,618,12/3/2023,8:36 PM
619,619,619,3/27/2023,12:09 AM
620,620,620,7/29/2023,5:51 AM
621,621,621,3/16/2023,8:11 PM
622,622,622,11/13/2023,7:15 PM
623,623,623,11/25/2023,8:42 AM
624,624,624,11/11/2023,10:35 AM
625,625,625,1/26/2023,12:12 PM
626,626,626,12/1/2023,4:52 AM
627,627,627,9/20/2023,5:30 PM
628,628,628,9/9/2023,10:43 PM
629,629,629,6/20/2023,7:16 PM
630,630,630,4/3/2023,8:20 AM
631,631,631,11/15/2023,12:12 AM
632,632,632,9/19/2023,12:54 PM
633,633,633,8/24/2023,8:30 AM
634,634,634,3/23/2023,9:46 AM
635,635,635,10/7/2023,5:08 AM
636,636,636,1/16/2023,3:32 AM
637,637,637,3/7/2023,6:24 PM
638,638,638,6/3/2023,5:35 PM
639,639,639,6/3/2023,3:14 AM
640,640,640,11/15/2023,2:51 PM
641,641,641,11/6/2023,7:38 PM
642,642,642,3/29/2023,8:31 AM
643,643,643,1/13/2023,10:28 AM
644,644,644,2/25/2023,4:52 AM
645,645,645,12/7/2023,6:27 AM
646,646,646,2/4/2023,7:10 AM
647,647,647,11/3/2023,8:57 PM
648,648,648,7/23/2023,1:43 PM
649,649,649,12/3/2023,1:29 AM
650,650,650,3/11/2023,12:07 PM
651,651,651,1/12/2023,12:12 PM
652,652,652,11/18/2023,11:04 PM
653,653,653,2/22/2023,7:18 AM
654,654,654,10/29/2023,10:08 AM
655,655,655,9/14/2023,12:56 AM
656,656,656,10/23/2023,12:18 PM
657,657,657,2/26/2023,7:11 PM
658,658,658,12/9/2023,3:43 AM
659,659,659,10/3/2023,7:46 PM
660,660,660,4/14/2023,9:48 PM
661,661,661,7/27/2023,10:28 PM
662,662,662,1/9/2023,4:35 PM
663,663,663,8/17/2023,10:07 AM
664,664,664,8/17/2023,5:37 PM
665,665,665,8/11/2023,2:37 AM
666,666,666,5/30/2023,4:44 AM
667,667,667,6/21/2023,2:47 AM
668,668,668,10/26/2023,4:45 PM
669,669,669,3/31/2023,3:11 AM
670,670,670,2/17/2023,2:24 PM
671,671,671,8/31/2023,6:18 AM
672,672,672,1/12/2023,8:21 AM
673,673,673,3/31/2023,12:49 AM
674,674,674,3/16/2023,11:46 PM
675,675,675,5/20/2023,4:45 PM
676,676,676,9/7/2023,1:16 AM
677,677,677,1/29/2023,6:09 AM
678,678,678,10/16/2023,12:44 AM
679,679,679,1/28/2023,9:06 AM
680,680,680,4/21/2023,5:26 PM
681,681,681,5/13/2023,2:29 PM
682,682,682,1/16/2023,11:40 AM
683,683,683,11/17/2023,7:02 PM
684,684,684,11/18/2023,5:31 PM
685,685,685,2/21/2023,3:23 AM
686,686,686,5/23/2023,7:07 AM
687,687,687,4/2/2023,7:23 AM
688,688,688,2/10/2023,2:23 PM
689,689,689,1/12/2023,3:31 AM
690,690,690,6/12/2023,6:15 AM
691,691,691,5/23/2023,8:11 AM
692,692,692,6/21/2023,6:18 AM
693,693,693,9/11/2023,12:17 PM
694,694,694,6/29/2023,2:53 AM
695,695,695,3/28/2023,8:17 PM
696,696,696,7/28/2023,1:34 AM
697,697,697,8/23/2023,11:08 PM
698,698,698,9/9/2023,2:13 PM
699,699,699,1/12/2023,5:08 AM
700,700,700,3/18/2023,9:12 AM
701,701,701,12/25/2023,2:40 AM
702,702,702,11/28/2023,10:48 PM
703,703,703,10/9/2023,5:32 AM
704,704,704,7/17/2023,11:45 AM
705,705,705,8/18/2023,9:17 PM
706,706,706,1/12/2023,11:53 PM
707,707,707,11/3/2023,2:51 AM
708,708,708,4/12/2023,2:34 AM
709,709,709,7/8/2023,9:56 AM
710,710,710,2/21/2023,5:21 PM
711,711,711,8/27/2023,8:03 PM
712,712,712,8/21/2023,12:18 AM
713,713,713,4/16/2023,7:50 AM
714,714,714,2/5/2023,12:34 PM
715,715,715,1/25/2023,9:54 AM
716,716,716,5/29/2023,10:37 PM
717,717,717,2/17/2023,10:38 AM
718,718,718,9/16/2023,9:53 AM
719,719,719,9/26/2023,11:06 AM
720,720,720,7/22/2023,5:47 PM
721,721,721,12/27/2023,10:49 PM
722,722,722,3/18/2023,11:25 PM
723,723,723,12/6/2023,12:34 AM
724,724,724,1/11/2023,8:14 PM
725,725,725,8/19/2023,12:39 PM
726,726,726,3/11/2023,6:07 AM
727,727,727,3/2/2023,10:18 PM
728,728,728,2/5/2023,10:09 AM
729,729,729,6/25/2023,9:50 AM
730,730,730,9/24/2023,12:52 PM
731,731,731,12/26/2023,8:38 AM
732,732,732,1/20/2023,12:46 AM
733,733,733,10/17/2023,1:28 AM
734,734,734,2/17/2023,6:01 PM
735,735,735,9/20/2023,10:34 PM
736,736,736,9/10/2023,8:45 PM
737,737,737,11/4/2023,8:07 PM
738,738,738,1/14/2023,2:58 PM
739,739,739,3/13/2023,2:11 AM
740,740,740,10/9/2023,11:07 PM
741,741,741,8/29/2023,8:18 AM
742,742,742,8/11/2023,12:29 PM
743,743,743,8/27/2023,4:43 PM
744,744,744,5/14/2023,3:21 PM
745,745,745,4/15/2023,5:47 PM
746,746,746,7/18/2023,12:03 PM
747,747,747,5/31/2023,2:39 AM
748,748,748,3/18/2023,7:48 AM
749,749,749,8/17/2023,3:21 PM
750,750,750,9/12/2023,7:35 PM
751,751,751,12/11/2023,2:51 PM
752,752,752,10/17/2023,7:13 PM
753,753,753,6/16/2023,8:44 PM
754,754,754,7/28/2023,4:08 PM
755,755,755,3/18/2023,12:02 PM
756,756,756,5/13/2023,2:13 AM
757,757,757,4/10/2023,11:38 AM
758,758,758,6/28/2023,4:54 PM
759,759,759,4/26/2023,10:19 PM
760,760,760,6/30/2023,7:39 AM
761,761,761,2/7/2023,3:05 AM
762,762,762,12/21/2023,11:52 PM
763,763,763,1/28/2023,7:47 AM
764,764,764,9/26/2023,3:51 PM
765,765,765,1/13/2023,10:39 PM
766,766,766,5/20/2023,5:06 AM
767,767,767,4/13/2023,12:59 PM
768,768,768,12/18/2023,10:46 PM
769,769,769,10/17/2023,5:30 PM
770,770,770,6/15/2023,5:38 AM
771,771,771,1/9/2023,2:58 PM
772,772,772,9/28/2023,2:09 PM
773,773,773,11/14/2023,9:17 PM
774,774,774,5/27/2023,1:18 PM
775,775,775,5/27/2023,9:12 PM
776,776,776,11/24/2023,11:44 PM
777,777,777,5/7/2023,5:45 AM
778,778,778,11/19/2023,2:21 AM
779,779,779,10/29/2023,2:12 AM
780,780,780,7/1/2023,8:03 AM
781,781,781,12/13/2023,7:36 PM
782,782,782,3/13/2023,10:42 PM
783,783,783,4/19/2023,6:44 PM
784,784,784,11/2/2023,4:22 AM
785,785,785,6/21/2023,11:24 AM
786,786,786,12/18/2023,9:34 AM
787,787,787,12/25/2023,4:36 AM
788,788,788,1/25/2023,8:48 PM
789,789,789,7/10/2023,6:04 AM
790,790,790,2/17/2023,5:06 PM
791,791,791,8/20/2023,2:39 AM
792,792,792,6/28/2023,9:06 PM
793,793,793,4/22/2023,1:30 AM
794,794,794,7/9/2023,4:56 AM
795,795,795,6/18/2023,4:55 PM
796,796,796,3/4/2023,6:17 AM
797,797,797,5/5/2023,2:29 AM
798,798,798,2/18/2023,12:49 PM
799,799,799,12/3/2023,6:01 PM
800,800,800,12/7/2023,8:01 AM
801,801,801,9/29/2023,7:54 PM
802,802,802,2/23/2023,1:19 AM
803,803,803,3/18/2023,11:20 AM
804,804,804,2/24/2023,6:59 PM
805,805,805,12/11/2023,11:14 PM
806,806,806,1/14/2023,10:02 PM
807,807,807,1/4/2023,2:22 AM
808,808,808,6/14/2023,1:53 PM
809,809,809,5/31/2023,11:24 PM
810,810,810,7/2/2023,4:04 PM
811,811,811,1/9/2023,1:33 PM
812,812,812,8/24/2023,5:41 AM
813,813,813,5/8/2023,9:20 AM
814,814,814,4/2/2023,5:16 AM
815,815,815,12/20/2023,1:18 AM
816,816,816,4/23/2023,5:06 AM
817,817,817,1/27/2023,5:04 AM
818,818,818,9/9/2023,7:11 AM
819,819,819,10/29/2023,1:37 AM
820,820,820,2/21/2023,8:34 AM
821,821,821,10/17/2023,9:25 PM
822,822,822,1/17/2023,12:31 AM
823,823,823,7/27/2023,11:36 PM
824,824,824,3/3/2023,9:36 PM
825,825,825,12/8/2023,7:11 PM
826,826,826,5/22/2023,11:00 AM
827,827,827,10/14/2023,8:18 AM
828,828,828,5/3/2023,5:47 AM
829,829,829,8/30/2023,7:55 AM
830,830,830,11/26/2023,12:35 PM
831,831,831,10/21/2023,10:55 AM
832,832,832,7/13/2023,12:10 AM
833,833,833,7/28/2023,7:48 AM
834,834,834,4/29/2023,2:50 PM
835,835,835,5/2/2023,1:50 AM
836,836,836,7/18/2023,7:27 AM
837,837,837,7/12/2023,3:17 AM
838,838,838,1/9/2023,9:55 PM
839,839,839,12/18/2023,10:52 AM
840,840,840,8/10/2023,4:45 AM
841,841,841,2/4/2023,12:39 AM
842,842,842,6/30/2023,9:31 AM
843,843,843,6/18/2023,5:19 PM
844,844,844,4/3/2023,9:05 PM
845,845,845,11/19/2023,12:03 PM
846,846,846,11/28/2023,4:31 PM
847,847,847,1/10/2023,5:10 PM
848,848,848,10/22/2023,4:02 PM
849,849,849,1/2/2023,3:02 AM
850,850,850,9/8/2023,4:15 PM
851,851,851,6/20/2023,9:48 PM
852,852,852,1/14/2023,3:00 PM
853,853,853,12/27/2023,11:28 PM
854,854,854,7/1/2023,9:26 AM
855,855,855,7/13/2023,2:30 PM
856,856,856,10/12/2023,5:28 AM
857,857,857,2/23/2023,12:07 PM
858,858,858,4/7/2023,2:50 AM
859,859,859,12/26/2023,7:46 AM
860,860,860,12/7/2023,12:58 AM
861,861,861,8/9/2023,4:29 PM
862,862,862,12/27/2023,7:30 PM
863,863,863,1/2/2023,2:21 AM
864,864,864,2/9/2023,7:09 AM
865,865,865,8/21/2023,10:37 AM
866,866,866,12/26/2023,9:29 PM
867,867,867,2/14/2023,6:44 PM
868,868,868,11/12/2023,6:36 PM
869,869,869,11/25/2023,12:58 AM
870,870,870,1/27/2023,11:08 AM
871,871,871,2/1/2023,11:34 PM
872,872,872,5/24/2023,10:22 PM
873,873,873,5/30/2023,5:17 AM
874,874,874,10/28/2023,1:58 PM
875,875,875,10/12/2023,9:12 AM
876,876,876,9/16/2023,10:47 AM
877,877,877,6/6/2023,5:33 PM
878,878,878,3/28/2023,1:11 PM
879,879,879,10/24/2023,3:34 AM
880,880,880,4/11/2023,12:29 PM
881,881,881,1/14/2023,4:20 AM
882,882,882,4/30/2023,9:47 PM
883,883,883,6/8/2023,9:23 AM
884,884,884,10/16/2023,7:31 PM
885,885,885,10/3/2023,11:20 AM
886,886,886,7/13/2023,4:58 AM
887,887,887,12/24/2023,1:02 AM
888,888,888,1/2/2023,6:18 PM
889,889,889,3/1/2023,12:50 AM
890,890,890,10/19/2023,2:17 AM
891,891,891,5/23/2023,10:46 AM
892,892,892,4/21/2023,7:17 PM
893,893,893,4/25/2023,3:39 PM
894,894,894,6/20/2023,2:56 PM
895,895,895,8/31/2023,1:51 AM
896,896,896,2/19/2023,6:29 AM
897,897,897,8/27/2023,10:06 PM
898,898,898,4/22/2023,9:52 PM
899,899,899,6/23/2023,8:33 AM
900,900,900,2/8/2023,12:20 PM
901,901,901,4/20/2023,10:03 AM
902,902,902,11/3/2023,4:04 AM
903,903,903,2/22/2023,12:51 PM
904,904,904,9/5/2023,7:25 AM
905,905,905,9/16/2023,6:25 PM
906,906,906,12/27/2023,1:48 PM
907,907,907,11/19/2023,7:18 PM
908,908,908,5/10/2023,9:00 PM
909,909,909,8/15/2023,4:46 PM
910,910,910,8/13/2023,5:34 PM
911,911,911,2/5/2023,10:53 PM
912,912,912,12/13/2023,1:19 AM
913,913,913,2/1/2023,5:57 AM
914,914,914,1/5/2023,4:09 PM
915,915,915,7/1/2023,6:36 PM
916,916,916,11/24/2023,12:45 PM
917,917,917,12/3/2023,3:56 PM
918,918,918,2/11/2023,8:07 PM
919,919,919,11/15/2023,12:34 AM
920,920,920,9/25/2023,10:45 AM
921,921,921,11/27/2023,6:35 AM
922,922,922,5/23/2023,5:22 AM
923,923,923,3/8/2023,3:42 PM
924,924,924,1/27/2023,4:41 AM
925,925,925,10/23/2023,11:04 AM
926,926,926,1/2/2023,4:59 AM
927,927,927,1/18/2023,7:45 AM
928,928,928,7/11/2023,12:03 AM
929,929,929,8/17/2023,8:15 PM
930,930,930,1/27/2023,10:40 PM
931,931,931,10/4/2023,10:07 PM
932,932,932,4/9/2023,8:09 PM
933,933,933,1/29/2023,4:14 AM
934,934,934,6/18/2023,12:13 AM
935,935,935,4/20/2023,6:39 PM
936,936,936,10/23/2023,5:53 AM
937,937,937,3/31/2023,10:01 AM
938,938,938,8/11/2023,8:52 AM
939,939,939,6/22/2023,1:41 PM
940,940,940,7/9/2023,2:54 PM
941,941,941,10/9/2023,8:22 AM
942,942,942,11/26/2023,10:51 AM
943,943,943,5/30/2023,5:42 AM
944,944,944,9/29/2023,11:36 AM
945,945,945,12/23/2023,11:05 AM
946,946,946,6/30/2023,9:48 AM
947,947,947,12/3/2023,1:56 AM
948,948,948,2/18/2023,7:46 PM
949,949,949,10/25/2023,3:55 PM
950,950,950,10/31/2023,10:29 PM
951,951,951,3/4/2023,6:48 PM
952,952,952,2/10/2023,9:50 AM
953,953,953,8/24/2023,4:56 PM
954,954,954,6/16/2023,5:30 AM
955,955,955,6/24/2023,5:09 AM
956,956,956,11/2/2023,8:05 AM
957,957,957,9/30/2023,1:46 PM
958,958,958,3/26/2023,5:24 PM
959,959,959,7/26/2023,5:50 PM
960,960,960,2/9/2023,8:39 AM
961,961,961,12/17/2023,7:39 PM
962,962,962,6/30/2023,7:00 AM
963,963,963,6/18/2023,10:32 PM
964,964,964,1/29/2023,8:06 AM
965,965,965,5/26/2023,11:28 PM
966,966,966,8/20/2023,6:31 PM
967,967,967,12/27/2023,8:09 PM
968,968,968,4/6/2023,2:34 PM
969,969,969,8/13/2023,1:38 AM
970,970,970,4/21/2023,6:57 PM
971,971,971,11/11/2023,3:17 AM
972,972,972,6/8/2023,2:23 PM
973,973,973,7/5/2023,7:00 PM
974,974,974,5/27/2023,11:21 PM
975,975,975,7/26/2023,12:21 PM
976,976,976,5/25/2023,3:52 AM
977,977,977,4/18/2023,12:52 PM
978,978,978,10/16/2023,4:02 AM
979,979,979,5/2/2023,9:43 PM
980,980,980,12/28/2023,7:11 AM
981,981,981,8/29/2023,11:08 PM
982,982,982,6/9/2023,10:38 PM
983,983,983,6/24/2023,5:19 PM
984,984,984,8/16/2023,1:19 PM
985,985,985,1/25/2023,4:27 PM
986,986,986,9/11/2023,9:36 AM
987,987,987,7/9/2023,9:37 AM
988,988,988,12/14/2023,12:22 AM
989,989,989,8/21/2023,7:59 AM
990,990,990,5/16/2023,5:33 AM
991,991,991,12/28/2023,11:49 AM
992,992,992,3/10/2023,3:37 PM
993,993,993,9/18/2023,6:53 AM
994,994,994,3/8/2023,1:08 AM
995,995,995,11/24/2023,8:36 AM
996,996,996,7/27/2023,8:50 PM
997,997,997,5/12/2023,4:54 AM
998,998,998,6/27/2023,12:59 PM
999,999,999,3/29/2023,10:55 AM
1000,1000,1000,11/8/2023,5:22 PM
