payroll_id,employee_id,payroll_period,calculated_earnings,deductions,netpay,overtime_hours,payroll_date,tax_deduction,compensation_id
1,1,4/21/2023,91.1,95.2,87.4,8.4,12/31/2022,99,1
2,2,9/1/2023,39.1,91.2,92.7,79.4,2/15/2023,99,2
3,3,4/10/2023,55.4,24.6,96.5,82.9,10/8/2023,44,3
4,4,6/25/2023,48.8,45.8,16.0,44.7,9/12/2023,75,4
5,5,6/16/2023,16.7,58.3,40.4,19.2,12/18/2022,58,5
6,6,2/12/2023,69.9,46.0,79.9,81.1,10/16/2023,16,6
7,7,4/12/2023,75.1,30.2,61.8,36.0,4/26/2023,37,7
8,8,4/13/2023,74.5,3.6,74.5,56.5,3/24/2023,74,8
9,9,2/18/2023,55.8,76.2,19.5,88.2,10/17/2023,33,9
10,10,6/21/2023,63.1,46.5,20.5,50.2,10/12/2023,2,10
11,11,4/16/2023,8.6,63.0,90.0,72.0,11/4/2023,36,11
12,12,1/28/2023,18.5,14.9,48.5,34.7,2/2/2023,16,12
13,13,1/6/2023,58.6,10.7,81.3,63.8,10/28/2023,54,13
14,14,3/13/2023,98.3,42.8,49.0,72.9,5/31/2023,10,14
15,15,8/26/2023,13.1,12.7,64.4,77.6,10/18/2023,47,15
16,16,6/19/2023,67.9,10.4,15.5,96.3,11/12/2023,14,16
17,17,1/25/2023,31.4,0.9,36.2,23.5,5/5/2023,75,17
18,18,1/15/2023,59.6,84.0,90.8,61.3,3/14/2023,0,18
19,19,8/26/2023,97.2,31.9,31.0,77.5,8/17/2023,52,19
20,20,4/23/2023,16.4,83.0,77.8,59.2,7/27/2023,53,20
21,21,3/16/2023,0.7,23.7,99.0,28.4,5/3/2023,24,21
22,22,7/21/2023,9.4,13.3,51.4,8.4,2/5/2023,51,22
23,23,2/8/2023,89.1,31.2,49.6,31.0,1/22/2023,3,23
24,24,12/8/2022,37.5,91.4,26.7,90.2,8/6/2023,6,24
25,25,3/30/2023,90.1,58.6,64.1,78.8,12/16/2022,35,25
26,26,6/1/2023,87.7,7.3,73.2,92.0,1/20/2023,46,26
27,27,11/24/2023,67.3,82.3,23.9,22.8,6/23/2023,40,27
28,28,12/29/2022,69.0,55.9,22.9,93.5,9/18/2023,90,28
29,29,8/25/2023,41.0,77.0,96.7,52.6,11/24/2023,100,29
30,30,3/11/2023,79.4,63.7,86.4,74.7,11/4/2023,58,30
31,31,4/10/2023,8.7,9.4,72.5,30.9,12/3/2022,93,31
32,32,3/20/2023,47.3,71.3,65.8,60.3,9/22/2023,24,32
33,33,10/17/2023,42.4,78.8,34.1,63.7,3/29/2023,76,33
34,34,4/13/2023,51.3,38.8,38.7,56.0,1/30/2023,68,34
35,35,2/7/2023,84.6,7.5,16.2,71.6,1/8/2023,26,35
36,36,8/26/2023,98.7,11.4,98.7,99.0,12/28/2022,36,36
37,37,2/22/2023,97.7,72.3,53.1,55.0,4/14/2023,24,37
38,38,11/8/2023,4.5,5.6,94.6,7.1,1/11/2023,58,38
39,39,10/17/2023,90.7,32.2,30.1,92.1,8/24/2023,16,39
40,40,4/23/2023,55.4,11.9,20.9,18.4,8/9/2023,58,40
41,41,7/28/2023,94.6,60.0,8.1,4.1,9/9/2023,54,41
42,42,11/17/2023,70.8,95.4,81.3,21.5,4/19/2023,7,42
43,43,4/18/2023,77.8,53.2,66.0,32.0,2/24/2023,82,43
44,44,1/3/2023,39.4,16.4,30.2,48.9,9/16/2023,41,44
45,45,1/4/2023,7.5,16.3,7.1,40.2,5/18/2023,35,45
46,46,9/15/2023,30.4,50.3,63.6,24.8,12/25/2022,98,46
47,47,1/21/2023,29.6,70.9,15.6,87.5,1/1/2023,72,47
48,48,6/11/2023,31.9,18.7,22.8,34.8,1/11/2023,88,48
49,49,4/22/2023,27.4,63.1,84.5,80.8,7/13/2023,48,49
50,50,5/21/2023,28.3,35.1,22.6,52.4,12/25/2022,42,50
51,51,7/7/2023,26.3,3.0,58.2,39.0,10/22/2023,10,51
52,52,9/20/2023,56.5,53.6,92.3,87.9,1/2/2023,77,52
53,53,4/6/2023,18.3,22.0,44.2,90.5,3/19/2023,60,53
54,54,7/24/2023,72.5,12.0,60.9,70.2,9/2/2023,54,54
55,55,2/3/2023,85.7,46.5,43.0,96.3,12/5/2022,43,55
56,56,3/22/2023,47.6,99.0,8.1,16.6,7/28/2023,23,56
57,57,8/29/2023,99.9,65.0,95.6,55.0,2/1/2023,36,57
58,58,3/27/2023,53.8,10.5,3.7,38.3,6/19/2023,30,58
59,59,8/22/2023,10.1,13.9,74.0,2.9,2/14/2023,69,59
60,60,12/14/2022,98.8,75.0,98.1,2.2,4/29/2023,49,60
61,61,4/29/2023,60.4,81.5,17.8,42.9,3/10/2023,64,61
62,62,12/30/2022,61.6,10.0,67.7,18.6,10/8/2023,17,62
63,63,8/7/2023,87.7,73.3,84.0,44.8,10/7/2023,76,63
64,64,2/16/2023,41.3,37.6,37.2,69.6,4/8/2023,45,64
65,65,12/17/2022,30.4,42.1,2.1,97.6,1/31/2023,95,65
66,66,12/1/2022,51.0,36.0,6.5,31.9,2/5/2023,52,66
67,67,7/20/2023,19.6,14.6,74.3,1.5,9/23/2023,16,67
68,68,9/8/2023,95.8,46.3,47.1,90.3,10/23/2023,24,68
69,69,5/28/2023,83.8,30.7,31.4,9.5,6/6/2023,75,69
70,70,1/15/2023,47.2,67.6,13.6,74.6,9/8/2023,9,70
71,71,1/2/2023,30.3,18.2,56.9,54.8,1/12/2023,86,71
72,72,12/18/2022,70.3,65.3,9.5,21.7,4/30/2023,77,72
73,73,10/25/2023,85.9,55.2,89.8,73.5,2/1/2023,53,73
74,74,5/13/2023,92.4,59.3,88.2,22.1,4/18/2023,4,74
75,75,4/2/2023,88.9,10.7,21.9,2.5,6/11/2023,1,75
76,76,8/23/2023,1.7,84.6,63.7,88.2,3/14/2023,73,76
77,77,9/23/2023,61.7,37.8,58.8,49.8,6/7/2023,27,77
78,78,10/3/2023,44.3,25.9,8.6,45.9,5/19/2023,10,78
79,79,11/11/2023,25.4,82.3,13.2,71.5,7/20/2023,22,79
80,80,4/9/2023,80.2,49.9,43.4,64.7,11/24/2023,73,80
81,81,4/3/2023,34.3,99.0,70.6,92.5,12/4/2022,67,81
82,82,6/1/2023,66.6,26.5,53.9,91.7,7/30/2023,52,82
83,83,6/25/2023,66.1,47.1,82.9,36.6,6/3/2023,32,83
84,84,3/1/2023,7.4,68.0,88.7,20.2,1/30/2023,34,84
85,85,3/9/2023,91.5,25.1,77.2,53.8,9/11/2023,44,85
86,86,9/20/2023,84.7,29.4,63.0,29.0,5/7/2023,41,86
87,87,4/8/2023,20.8,11.3,75.4,42.7,3/15/2023,64,87
88,88,12/23/2022,82.0,49.1,42.7,44.9,11/9/2023,1,88
89,89,2/13/2023,68.0,63.9,72.4,27.5,5/20/2023,96,89
90,90,3/14/2023,54.9,46.5,19.3,25.9,1/9/2023,11,90
91,91,1/18/2023,99.2,35.5,47.9,65.6,12/9/2022,70,91
92,92,8/11/2023,41.2,62.5,26.8,46.3,11/7/2023,71,92
93,93,1/13/2023,71.0,0.8,62.5,54.6,2/26/2023,41,93
94,94,7/16/2023,66.0,24.3,95.5,37.3,10/23/2023,78,94
95,95,10/2/2023,45.0,65.5,36.9,37.3,2/11/2023,96,95
96,96,12/21/2022,68.6,10.3,12.2,20.5,6/19/2023,85,96
97,97,4/16/2023,2.7,45.0,68.2,3.6,4/1/2023,2,97
98,98,4/4/2023,52.6,69.6,42.8,15.6,5/8/2023,33,98
99,99,2/22/2023,57.1,19.3,64.9,99.6,2/7/2023,76,99
100,100,10/28/2023,45.0,71.7,59.0,15.2,2/25/2023,26,100
101,101,4/14/2023,64.8,39.3,70.5,43.8,5/13/2023,33,101
102,102,9/20/2023,0.9,87.7,3.9,89.5,7/17/2023,12,102
103,103,11/17/2023,28.9,46.2,3.4,58.5,5/20/2023,99,103
104,104,10/19/2023,62.5,58.5,64.0,54.2,11/16/2023,88,104
105,105,7/25/2023,12.3,70.0,31.9,22.2,7/12/2023,74,105
106,106,8/13/2023,49.9,50.6,62.2,43.2,10/12/2023,69,106
107,107,11/15/2023,99.0,2.2,50.1,93.8,6/15/2023,85,107
108,108,6/29/2023,2.1,37.5,52.9,29.7,5/22/2023,24,108
109,109,3/28/2023,66.7,67.0,86.2,48.6,4/6/2023,69,109
110,110,11/11/2023,17.0,19.3,78.4,77.1,9/16/2023,37,110
111,111,11/12/2023,5.7,14.8,87.1,92.5,9/28/2023,83,111
112,112,2/26/2023,38.1,51.3,74.7,12.7,3/26/2023,36,112
113,113,5/11/2023,60.1,9.6,7.1,46.7,1/14/2023,92,113
114,114,12/21/2022,49.3,19.4,69.7,76.4,10/1/2023,43,114
115,115,2/6/2023,72.1,74.9,85.6,79.3,7/8/2023,89,115
116,116,12/14/2022,83.4,90.8,45.6,62.2,5/3/2023,84,116
117,117,8/22/2023,48.6,19.7,92.9,77.2,6/13/2023,69,117
118,118,1/19/2023,92.2,32.1,70.3,60.9,1/8/2023,15,118
119,119,1/5/2023,46.4,65.7,68.7,36.2,11/22/2023,32,119
120,120,1/27/2023,30.4,10.2,42.8,21.7,9/29/2023,88,120
121,121,5/8/2023,11.4,95.9,29.2,92.4,8/23/2023,55,121
122,122,3/26/2023,56.6,1.6,27.2,80.4,6/21/2023,97,122
123,123,9/23/2023,99.8,74.8,64.8,45.4,11/23/2023,31,123
124,124,2/3/2023,15.5,26.2,54.8,3.1,9/8/2023,73,124
125,125,12/17/2022,41.2,50.5,5.0,9.9,6/1/2023,96,125
126,126,6/20/2023,80.5,23.0,66.5,5.9,6/5/2023,19,126
127,127,9/30/2023,30.6,4.6,73.8,54.3,9/28/2023,14,127
128,128,9/9/2023,96.2,92.0,24.2,90.1,11/9/2023,47,128
129,129,10/17/2023,41.1,1.6,30.0,39.2,7/22/2023,72,129
130,130,5/11/2023,43.5,82.1,6.7,56.8,4/27/2023,52,130
131,131,11/9/2023,59.6,56.5,23.6,90.4,12/16/2022,22,131
132,132,7/14/2023,30.1,39.1,62.6,57.7,1/25/2023,2,132
133,133,12/7/2022,55.6,60.8,95.7,4.5,3/27/2023,69,133
134,134,7/21/2023,33.3,7.2,92.0,53.4,1/12/2023,86,134
135,135,5/25/2023,32.6,94.7,33.5,14.2,3/16/2023,75,135
136,136,8/28/2023,48.7,8.0,95.0,81.6,10/28/2023,84,136
137,137,11/12/2023,63.1,17.4,68.0,95.6,7/15/2023,38,137
138,138,2/23/2023,44.1,29.7,5.3,62.1,12/7/2022,76,138
139,139,12/6/2022,64.9,51.7,41.0,24.8,10/10/2023,57,139
140,140,6/18/2023,99.4,32.0,99.8,79.0,10/12/2023,78,140
141,141,6/6/2023,73.4,72.0,11.4,17.5,5/7/2023,43,141
142,142,10/30/2023,54.6,48.5,77.9,23.7,9/13/2023,68,142
143,143,9/4/2023,11.5,32.9,31.5,73.7,2/4/2023,0,143
144,144,10/5/2023,81.2,21.6,75.1,65.2,3/19/2023,43,144
145,145,2/3/2023,76.7,20.9,77.5,93.0,8/5/2023,47,145
146,146,9/24/2023,86.3,14.4,80.3,97.1,2/8/2023,84,146
147,147,8/16/2023,68.6,72.5,53.9,4.5,9/17/2023,83,147
148,148,5/22/2023,98.5,31.1,19.7,92.7,8/17/2023,59,148
149,149,2/17/2023,5.3,77.3,18.0,38.3,8/15/2023,85,149
150,150,1/13/2023,16.2,15.1,77.1,96.8,11/24/2023,45,150
151,151,7/19/2023,98.2,30.6,21.1,58.8,2/14/2023,30,151
152,152,6/24/2023,32.0,58.4,12.9,90.3,6/20/2023,59,152
153,153,6/14/2023,88.3,60.5,86.8,13.8,10/10/2023,67,153
154,154,2/11/2023,74.0,70.4,68.8,11.3,11/11/2023,65,154
155,155,1/15/2023,56.6,81.7,56.2,64.2,8/10/2023,60,155
156,156,9/4/2023,73.2,86.3,61.1,29.0,4/8/2023,35,156
157,157,8/29/2023,47.3,45.1,97.5,18.7,9/18/2023,20,157
158,158,5/5/2023,74.3,68.7,29.1,55.1,5/1/2023,56,158
159,159,2/3/2023,28.8,3.9,31.1,67.9,2/17/2023,10,159
160,160,7/27/2023,27.6,8.8,19.4,42.2,7/29/2023,44,160
161,161,3/9/2023,25.3,79.8,4.6,19.8,7/31/2023,92,161
162,162,7/14/2023,25.2,12.2,72.0,46.9,6/20/2023,56,162
163,163,1/18/2023,55.8,12.2,93.0,72.1,12/24/2022,34,163
164,164,7/14/2023,21.0,30.2,87.9,18.7,8/20/2023,35,164
165,165,8/22/2023,58.6,45.8,16.4,13.5,12/14/2022,67,165
166,166,11/13/2023,28.4,41.6,49.3,80.4,7/10/2023,84,166
167,167,6/24/2023,85.2,80.7,22.4,32.5,8/24/2023,35,167
168,168,7/20/2023,33.4,39.5,47.7,77.8,3/22/2023,5,168
169,169,11/16/2023,39.3,57.3,81.4,69.2,6/5/2023,52,169
170,170,7/6/2023,8.5,87.5,83.2,66.0,5/4/2023,73,170
171,171,7/26/2023,54.0,95.7,5.8,15.2,1/14/2023,79,171
172,172,12/7/2022,16.0,88.9,88.1,62.3,1/29/2023,37,172
173,173,10/16/2023,57.0,70.1,55.8,62.7,2/26/2023,93,173
174,174,3/6/2023,98.7,75.6,70.2,74.1,6/16/2023,71,174
175,175,4/11/2023,2.1,44.4,88.6,97.5,12/27/2022,84,175
176,176,11/14/2023,82.8,82.0,0.0,28.7,7/13/2023,4,176
177,177,12/31/2022,77.1,71.4,36.9,70.4,4/10/2023,34,177
178,178,10/23/2023,72.1,28.8,41.7,90.9,11/12/2023,100,178
179,179,8/25/2023,36.0,5.7,19.5,44.0,12/16/2022,95,179
180,180,12/20/2022,26.7,49.4,56.8,79.1,6/25/2023,41,180
181,181,1/20/2023,18.8,88.4,82.2,49.9,11/2/2023,65,181
182,182,9/13/2023,23.4,87.0,81.0,23.4,7/29/2023,23,182
183,183,8/17/2023,1.1,84.9,69.9,33.6,4/27/2023,57,183
184,184,7/10/2023,71.4,69.3,59.9,99.1,2/25/2023,96,184
185,185,11/12/2023,27.8,76.6,38.5,5.0,2/16/2023,66,185
186,186,6/3/2023,63.6,21.9,82.6,12.3,12/11/2022,6,186
187,187,4/16/2023,99.1,75.9,50.5,34.7,7/15/2023,91,187
188,188,5/19/2023,84.0,48.4,24.6,88.0,3/1/2023,56,188
189,189,7/28/2023,14.9,91.8,65.8,70.1,11/15/2023,48,189
190,190,2/10/2023,60.0,78.9,39.1,31.0,3/21/2023,38,190
191,191,7/20/2023,72.0,89.5,98.4,27.0,10/11/2023,23,191
192,192,8/13/2023,33.6,68.1,71.7,90.8,3/24/2023,6,192
193,193,6/20/2023,7.0,84.1,37.9,19.4,7/15/2023,91,193
194,194,10/11/2023,66.1,62.0,38.7,80.8,10/17/2023,20,194
195,195,4/9/2023,40.4,6.6,50.3,92.5,3/25/2023,10,195
196,196,7/19/2023,84.2,4.7,36.8,58.4,4/19/2023,11,196
197,197,7/18/2023,43.3,76.5,46.7,61.3,7/22/2023,61,197
198,198,10/16/2023,54.1,72.3,98.3,95.4,2/5/2023,97,198
199,199,8/1/2023,9.8,73.5,16.7,8.5,4/12/2023,62,199
200,200,11/19/2023,51.9,63.7,19.8,43.4,5/23/2023,58,200
201,201,12/9/2022,73.3,4.6,86.5,55.8,9/19/2023,10,201
202,202,6/6/2023,88.4,57.3,47.6,16.0,11/28/2022,99,202
203,203,8/25/2023,15.3,98.7,32.9,50.1,8/14/2023,69,203
204,204,5/26/2023,93.9,24.1,85.4,92.7,5/21/2023,11,204
205,205,7/24/2023,63.6,33.3,41.7,25.7,10/4/2023,32,205
206,206,11/1/2023,8.7,68.1,28.5,56.5,4/15/2023,90,206
207,207,7/31/2023,4.2,9.7,4.8,57.2,10/2/2023,68,207
208,208,6/9/2023,90.3,81.0,44.5,73.4,12/5/2022,63,208
209,209,10/15/2023,64.3,84.8,97.7,32.7,8/11/2023,17,209
210,210,2/12/2023,28.2,27.2,89.1,78.7,7/23/2023,19,210
211,211,1/5/2023,49.3,77.8,45.6,70.1,9/30/2023,27,211
212,212,10/14/2023,73.5,4.1,8.9,4.4,1/2/2023,26,212
213,213,11/17/2023,6.1,55.2,80.4,17.1,2/7/2023,44,213
214,214,6/25/2023,33.2,43.5,2.0,74.9,1/19/2023,8,214
215,215,10/8/2023,39.9,93.1,64.1,78.1,10/10/2023,37,215
216,216,11/8/2023,82.6,66.7,43.1,94.5,10/31/2023,8,216
217,217,5/6/2023,29.3,9.7,76.8,7.9,10/20/2023,61,217
218,218,7/9/2023,15.1,13.3,64.5,6.5,8/3/2023,68,218
219,219,10/20/2023,84.0,23.8,88.4,60.3,2/25/2023,14,219
220,220,4/6/2023,95.7,11.7,95.5,27.2,3/29/2023,74,220
221,221,8/12/2023,81.1,30.7,15.1,40.2,1/1/2023,63,221
222,222,6/24/2023,6.9,53.7,86.0,44.1,3/2/2023,93,222
223,223,9/8/2023,47.9,70.7,87.7,91.4,12/1/2022,42,223
224,224,9/3/2023,74.9,39.3,45.5,4.7,6/6/2023,19,224
225,225,3/20/2023,63.6,96.6,60.6,94.6,1/27/2023,3,225
226,226,5/14/2023,9.1,42.6,94.0,1.7,12/11/2022,43,226
227,227,2/20/2023,99.7,88.3,84.6,22.8,12/6/2022,53,227
228,228,6/18/2023,30.9,29.4,13.5,34.2,5/23/2023,35,228
229,229,4/15/2023,47.6,72.8,81.3,46.9,8/30/2023,70,229
230,230,1/26/2023,79.2,32.0,85.0,99.1,5/4/2023,20,230
231,231,6/22/2023,0.3,68.1,78.1,90.9,4/14/2023,59,231
232,232,9/20/2023,88.0,88.0,53.7,13.3,2/2/2023,19,232
233,233,6/2/2023,73.4,0.4,19.3,50.2,1/28/2023,96,233
234,234,6/23/2023,38.4,77.6,87.4,89.0,4/27/2023,85,234
235,235,1/22/2023,87.6,90.7,93.8,65.3,10/22/2023,59,235
236,236,12/28/2022,19.7,81.0,15.7,11.2,2/9/2023,44,236
237,237,6/25/2023,19.3,30.7,34.6,12.4,1/29/2023,64,237
238,238,4/8/2023,57.1,24.0,56.9,28.9,3/13/2023,55,238
239,239,6/18/2023,87.7,41.2,2.2,71.5,2/11/2023,12,239
240,240,2/12/2023,51.9,21.1,25.0,38.8,4/1/2023,4,240
241,241,5/10/2023,94.6,90.8,79.4,69.5,2/28/2023,91,241
242,242,7/11/2023,68.2,83.7,27.4,60.8,10/16/2023,30,242
243,243,3/28/2023,43.6,6.7,66.8,93.8,11/30/2022,72,243
244,244,11/24/2023,14.6,90.1,0.5,58.8,3/16/2023,20,244
245,245,11/16/2023,27.0,85.3,42.7,83.7,11/19/2023,29,245
246,246,4/15/2023,80.4,15.7,68.9,93.4,3/2/2023,98,246
247,247,6/15/2023,49.1,65.5,61.4,15.2,11/24/2023,4,247
248,248,2/26/2023,5.4,16.1,17.7,4.0,11/12/2023,25,248
249,249,6/1/2023,10.3,51.8,59.5,37.6,7/27/2023,1,249
250,250,12/30/2022,73.3,27.1,23.7,69.6,12/29/2022,2,250
251,251,1/12/2023,78.9,55.1,36.8,88.9,7/15/2023,1,251
252,252,12/27/2022,89.1,44.5,40.9,2.7,3/3/2023,29,252
253,253,2/2/2023,95.9,18.4,36.2,67.7,10/26/2023,8,253
254,254,4/24/2023,63.8,81.3,61.3,79.0,12/22/2022,72,254
255,255,11/3/2023,93.4,69.3,32.6,29.3,7/4/2023,34,255
256,256,5/12/2023,77.4,6.9,36.0,85.5,3/8/2023,11,256
257,257,5/11/2023,79.3,94.5,37.9,28.4,12/16/2022,74,257
258,258,8/23/2023,75.4,62.1,3.2,33.7,8/19/2023,21,258
259,259,9/20/2023,34.1,30.5,54.8,27.4,10/30/2023,55,259
260,260,8/29/2023,45.1,71.5,43.6,29.8,3/3/2023,69,260
261,261,11/28/2022,33.8,68.3,76.0,4.1,2/23/2023,84,261
262,262,10/31/2023,62.7,28.6,33.7,85.0,4/30/2023,99,262
263,263,9/17/2023,58.0,31.8,68.3,17.0,7/7/2023,24,263
264,264,9/26/2023,59.7,53.9,56.1,43.7,7/27/2023,15,264
265,265,6/9/2023,33.4,49.1,86.0,18.7,10/22/2023,16,265
266,266,3/18/2023,32.3,43.4,70.5,58.9,1/26/2023,89,266
267,267,12/12/2022,7.6,15.5,1.7,95.6,9/13/2023,13,267
268,268,9/3/2023,51.4,52.0,87.5,8.7,3/15/2023,71,268
269,269,11/8/2023,94.3,57.9,44.7,77.8,5/24/2023,99,269
270,270,11/14/2023,46.1,68.3,67.3,98.4,3/15/2023,99,270
271,271,9/9/2023,92.4,45.9,95.4,57.2,3/29/2023,86,271
272,272,8/31/2023,36.8,11.7,34.4,92.7,10/5/2023,7,272
273,273,12/19/2022,67.5,9.4,66.2,36.1,8/18/2023,28,273
274,274,7/20/2023,93.3,13.0,12.9,81.1,6/10/2023,87,274
275,275,8/20/2023,93.1,54.4,52.1,13.3,8/2/2023,21,275
276,276,5/20/2023,36.4,14.7,97.9,80.4,3/28/2023,27,276
277,277,7/25/2023,86.1,6.8,71.8,24.7,9/21/2023,23,277
278,278,7/5/2023,26.6,86.5,8.2,38.3,7/16/2023,96,278
279,279,1/8/2023,44.5,25.7,75.0,66.1,4/13/2023,92,279
280,280,1/1/2023,24.9,85.3,69.3,98.4,5/17/2023,6,280
281,281,7/29/2023,41.1,40.4,31.9,32.6,9/16/2023,12,281
282,282,6/2/2023,9.1,0.9,1.7,32.8,7/25/2023,14,282
283,283,9/18/2023,26.9,83.1,24.1,82.8,12/16/2022,25,283
284,284,9/16/2023,61.4,98.6,21.4,97.5,12/4/2022,16,284
285,285,5/17/2023,65.0,24.7,25.5,60.3,12/22/2022,81,285
286,286,5/9/2023,78.9,91.8,66.9,75.8,6/1/2023,57,286
287,287,12/15/2022,93.3,23.9,98.7,87.5,10/21/2023,47,287
288,288,7/20/2023,7.0,68.8,2.8,67.7,8/11/2023,17,288
289,289,5/25/2023,16.5,49.8,7.6,16.7,4/17/2023,7,289
290,290,3/4/2023,40.2,34.7,54.7,14.2,1/28/2023,100,290
291,291,9/30/2023,36.5,13.2,74.8,21.8,12/11/2022,35,291
292,292,1/10/2023,73.9,3.9,24.7,18.6,7/30/2023,14,292
293,293,1/7/2023,58.8,78.4,57.6,67.2,4/15/2023,89,293
294,294,12/16/2022,95.6,84.9,68.3,45.5,8/6/2023,77,294
295,295,12/24/2022,64.7,81.3,55.5,80.4,10/22/2023,34,295
296,296,12/21/2022,94.0,27.6,77.1,40.7,9/30/2023,77,296
297,297,1/13/2023,4.5,74.8,1.1,60.7,9/3/2023,23,297
298,298,11/16/2023,94.9,40.7,85.9,34.4,10/19/2023,39,298
299,299,2/10/2023,14.6,25.4,86.4,80.0,2/15/2023,42,299
300,300,2/16/2023,77.9,53.2,44.2,14.1,10/1/2023,78,300
301,301,10/8/2023,7.7,42.1,7.3,22.7,3/1/2023,7,301
302,302,1/26/2023,62.1,93.6,53.3,41.3,5/17/2023,71,302
303,303,2/16/2023,61.8,87.4,80.0,61.1,12/11/2022,60,303
304,304,12/31/2022,47.0,95.2,66.0,69.2,11/21/2023,92,304
305,305,8/4/2023,80.4,33.3,18.6,79.9,6/21/2023,96,305
306,306,10/17/2023,69.3,6.8,32.8,62.0,8/3/2023,33,306
307,307,1/25/2023,26.6,29.6,38.3,76.6,9/8/2023,7,307
308,308,12/1/2022,75.5,76.2,14.1,79.3,7/6/2023,18,308
309,309,7/16/2023,44.3,72.5,73.5,26.1,2/28/2023,71,309
310,310,3/8/2023,67.9,72.4,86.6,47.4,8/1/2023,37,310
311,311,1/25/2023,41.7,59.5,75.6,87.8,5/7/2023,85,311
312,312,4/25/2023,14.6,40.3,90.0,14.3,8/15/2023,14,312
313,313,5/16/2023,22.1,77.0,12.6,30.0,2/2/2023,48,313
314,314,8/11/2023,61.2,81.2,28.7,77.5,1/10/2023,30,314
315,315,5/1/2023,33.0,69.9,12.2,12.2,4/15/2023,52,315
316,316,8/17/2023,72.9,60.6,5.1,96.3,3/21/2023,82,316
317,317,5/22/2023,48.9,88.2,74.4,25.1,11/9/2023,72,317
318,318,3/22/2023,41.9,88.9,72.1,48.8,9/24/2023,55,318
319,319,6/8/2023,58.8,74.3,35.1,63.9,3/17/2023,67,319
320,320,2/5/2023,81.9,60.1,88.8,79.9,9/14/2023,31,320
321,321,2/15/2023,76.1,31.0,44.4,91.8,7/18/2023,38,321
322,322,4/12/2023,24.4,23.7,59.6,3.2,11/18/2023,27,322
323,323,9/4/2023,4.5,62.1,10.9,26.2,1/21/2023,95,323
324,324,9/22/2023,25.5,18.3,51.2,72.2,8/11/2023,64,324
325,325,6/10/2023,30.4,54.0,60.7,17.3,3/28/2023,39,325
326,326,5/15/2023,86.5,78.7,44.2,23.8,8/26/2023,79,326
327,327,9/25/2023,2.4,7.9,29.3,63.4,12/28/2022,29,327
328,328,12/14/2022,35.0,86.2,85.3,30.9,5/10/2023,23,328
329,329,5/19/2023,9.2,73.0,21.5,88.0,5/26/2023,63,329
330,330,9/17/2023,77.6,18.4,81.7,33.7,5/19/2023,72,330
331,331,10/8/2023,26.9,11.9,90.9,17.9,6/18/2023,8,331
332,332,2/15/2023,57.2,41.2,88.0,45.4,3/12/2023,80,332
333,333,3/16/2023,26.1,53.1,17.2,91.6,4/20/2023,57,333
334,334,4/6/2023,38.4,53.0,15.5,77.1,3/6/2023,84,334
335,335,2/24/2023,44.1,33.7,68.0,22.2,3/23/2023,5,335
336,336,5/7/2023,90.6,90.9,25.0,10.2,3/16/2023,79,336
337,337,7/21/2023,49.3,24.0,20.3,89.7,4/4/2023,20,337
338,338,6/11/2023,96.7,6.7,68.2,65.2,1/25/2023,68,338
339,339,11/1/2023,51.0,67.1,76.4,80.0,3/2/2023,9,339
340,340,12/19/2022,54.1,91.5,99.4,69.2,5/8/2023,49,340
341,341,12/11/2022,95.2,38.0,1.7,46.1,8/18/2023,0,341
342,342,8/13/2023,43.7,94.8,92.5,76.7,4/18/2023,27,342
343,343,11/8/2023,26.0,23.4,56.5,66.9,6/14/2023,89,343
344,344,11/18/2023,1.1,35.3,22.6,67.0,5/30/2023,37,344
345,345,5/25/2023,78.8,48.2,45.9,4.0,9/14/2023,96,345
346,346,11/28/2022,77.8,58.1,44.8,23.8,10/1/2023,46,346
347,347,7/24/2023,36.2,57.1,7.9,75.9,3/31/2023,19,347
348,348,4/12/2023,0.8,50.7,41.1,66.4,4/10/2023,6,348
349,349,7/29/2023,12.6,2.6,99.5,25.4,1/14/2023,90,349
350,350,4/25/2023,13.3,20.2,93.5,35.7,5/22/2023,44,350
351,351,4/10/2023,42.7,65.0,26.8,98.2,10/23/2023,95,351
352,352,10/22/2023,62.4,67.4,16.8,20.9,11/2/2023,58,352
353,353,1/4/2023,83.4,51.5,38.4,51.6,6/13/2023,45,353
354,354,10/4/2023,29.5,75.8,99.8,51.5,9/17/2023,50,354
355,355,9/28/2023,82.3,0.7,45.4,85.3,6/24/2023,42,355
356,356,9/29/2023,70.5,17.3,7.7,30.1,8/27/2023,70,356
357,357,11/30/2022,20.9,9.1,32.0,5.6,1/17/2023,32,357
358,358,9/17/2023,88.8,92.3,14.9,52.0,1/26/2023,3,358
359,359,1/17/2023,30.4,16.7,37.0,77.7,2/2/2023,47,359
360,360,1/22/2023,18.0,63.0,57.2,87.4,10/21/2023,36,360
361,361,8/9/2023,4.4,1.3,64.5,70.2,2/28/2023,94,361
362,362,8/25/2023,80.1,78.0,35.1,88.3,8/24/2023,74,362
363,363,1/11/2023,99.0,11.3,18.7,48.1,9/30/2023,51,363
364,364,7/14/2023,79.3,6.2,27.9,27.6,6/4/2023,29,364
365,365,11/29/2022,47.5,63.5,88.1,8.5,3/27/2023,12,365
366,366,6/17/2023,60.3,21.1,56.9,4.3,8/27/2023,96,366
367,367,7/28/2023,36.7,20.0,21.1,14.4,5/13/2023,59,367
368,368,5/5/2023,48.5,1.3,72.9,32.2,11/13/2023,90,368
369,369,2/18/2023,85.0,63.5,78.1,39.1,7/1/2023,63,369
370,370,6/27/2023,24.0,70.1,49.5,78.8,12/31/2022,51,370
371,371,4/15/2023,93.1,57.4,42.6,7.2,10/17/2023,5,371
372,372,12/18/2022,55.0,17.2,8.1,91.2,8/20/2023,72,372
373,373,7/3/2023,26.1,46.5,92.1,24.1,4/29/2023,74,373
374,374,10/14/2023,10.9,42.3,37.8,82.2,1/30/2023,50,374
375,375,8/4/2023,27.7,81.6,22.3,56.8,6/25/2023,11,375
376,376,11/1/2023,11.0,38.8,81.5,26.0,3/21/2023,24,376
377,377,1/31/2023,16.4,36.9,27.8,33.5,1/26/2023,35,377
378,378,1/1/2023,86.0,18.4,16.6,5.2,8/19/2023,86,378
379,379,9/6/2023,17.9,59.4,23.3,27.5,12/6/2022,73,379
380,380,5/26/2023,1.9,37.1,77.6,90.8,2/7/2023,81,380
381,381,3/1/2023,14.2,42.7,6.4,9.6,3/10/2023,42,381
382,382,5/21/2023,26.0,49.8,8.4,45.9,6/15/2023,28,382
383,383,2/10/2023,51.5,2.6,78.4,44.0,11/7/2023,1,383
384,384,3/3/2023,9.6,22.3,46.6,70.9,9/15/2023,40,384
385,385,1/15/2023,84.4,47.3,4.0,29.8,5/3/2023,78,385
386,386,1/5/2023,27.6,60.4,10.8,42.4,4/27/2023,63,386
387,387,11/3/2023,63.2,58.5,33.5,47.0,1/18/2023,68,387
388,388,10/27/2023,0.6,29.8,37.0,92.0,8/3/2023,89,388
389,389,10/12/2023,34.1,3.3,54.1,79.7,7/4/2023,17,389
390,390,5/23/2023,94.0,64.0,40.2,15.0,3/18/2023,2,390
391,391,1/6/2023,8.3,94.9,9.8,30.9,1/27/2023,70,391
392,392,1/20/2023,12.6,1.6,98.1,41.0,4/2/2023,78,392
393,393,12/2/2022,35.8,74.2,99.2,71.2,7/8/2023,84,393
394,394,6/28/2023,30.0,95.9,77.3,68.0,5/8/2023,25,394
395,395,1/12/2023,52.5,96.5,41.6,86.0,1/7/2023,21,395
396,396,1/6/2023,37.9,4.2,10.6,77.0,9/20/2023,86,396
397,397,3/25/2023,65.5,42.9,58.0,67.2,11/18/2023,32,397
398,398,8/19/2023,87.3,95.2,41.5,10.1,4/5/2023,31,398
399,399,2/7/2023,53.6,97.4,45.1,66.3,9/14/2023,31,399
400,400,9/22/2023,90.9,37.0,95.8,19.7,11/8/2023,38,400
401,401,9/3/2023,32.4,56.0,43.2,5.0,12/21/2022,36,401
402,402,8/2/2023,21.5,15.3,21.2,50.6,6/22/2023,18,402
403,403,5/18/2023,17.6,25.6,87.1,66.5,3/26/2023,100,403
404,404,11/5/2023,18.6,62.8,96.5,99.5,12/11/2022,34,404
405,405,11/15/2023,69.3,69.7,85.9,33.4,5/14/2023,15,405
406,406,2/12/2023,66.9,56.4,13.7,46.8,1/18/2023,16,406
407,407,4/25/2023,13.2,20.4,42.4,50.7,7/18/2023,49,407
408,408,3/17/2023,38.5,28.0,3.1,55.7,8/22/2023,82,408
409,409,1/2/2023,64.9,55.9,84.0,33.7,8/12/2023,4,409
410,410,3/7/2023,97.8,6.7,53.9,40.7,7/22/2023,78,410
411,411,5/13/2023,34.9,35.5,80.4,91.6,10/28/2023,17,411
412,412,6/21/2023,67.0,78.9,12.4,36.1,7/17/2023,89,412
413,413,7/30/2023,40.5,77.3,63.1,72.1,5/16/2023,54,413
414,414,6/17/2023,89.2,44.1,62.7,86.8,2/15/2023,55,414
415,415,3/23/2023,73.0,23.4,96.1,54.5,6/24/2023,51,415
416,416,4/10/2023,53.1,67.8,9.7,49.9,12/29/2022,15,416
417,417,10/25/2023,70.2,90.8,8.5,74.2,8/29/2023,99,417
418,418,2/1/2023,24.3,3.0,20.9,57.2,9/13/2023,26,418
419,419,8/17/2023,28.5,75.9,67.9,7.0,1/5/2023,5,419
420,420,7/4/2023,54.7,54.7,35.0,14.2,6/16/2023,96,420
421,421,8/16/2023,43.8,11.7,41.6,66.9,9/23/2023,24,421
422,422,6/25/2023,8.0,6.1,38.4,71.2,1/5/2023,42,422
423,423,3/24/2023,62.5,61.2,67.0,11.9,11/23/2023,16,423
424,424,10/19/2023,70.9,44.8,1.6,46.2,11/26/2022,55,424
425,425,2/9/2023,98.6,45.4,43.8,41.5,3/20/2023,28,425
426,426,8/17/2023,69.6,35.4,57.0,36.0,11/12/2023,79,426
427,427,10/9/2023,23.6,73.6,88.0,71.7,9/25/2023,85,427
428,428,4/18/2023,19.0,9.4,18.8,12.7,3/17/2023,26,428
429,429,10/6/2023,10.7,78.3,21.9,79.0,6/24/2023,31,429
430,430,5/7/2023,68.5,27.9,79.6,7.9,10/5/2023,50,430
431,431,8/19/2023,0.0,47.7,76.4,36.7,4/20/2023,58,431
432,432,8/13/2023,46.0,13.7,89.4,88.8,5/21/2023,68,432
433,433,7/6/2023,81.8,38.9,83.6,30.6,7/10/2023,8,433
434,434,11/16/2023,61.0,20.3,13.6,82.6,1/19/2023,5,434
435,435,9/23/2023,53.0,93.4,41.5,98.7,8/28/2023,23,435
436,436,8/30/2023,41.9,44.5,62.7,60.3,4/11/2023,86,436
437,437,7/6/2023,15.3,63.5,87.3,18.4,11/28/2022,95,437
438,438,8/19/2023,37.1,77.0,68.2,67.9,3/4/2023,87,438
439,439,11/23/2023,21.7,25.7,94.6,30.1,4/19/2023,52,439
440,440,1/2/2023,8.7,17.5,67.8,13.2,11/23/2023,12,440
441,441,6/5/2023,87.0,94.5,34.9,84.2,7/18/2023,5,441
442,442,10/7/2023,33.2,14.7,77.7,32.3,3/27/2023,87,442
443,443,1/10/2023,44.4,98.8,73.2,93.9,11/30/2022,15,443
444,444,4/24/2023,50.3,15.0,6.6,86.5,4/20/2023,72,444
445,445,8/10/2023,12.5,26.5,89.1,79.9,10/30/2023,18,445
446,446,7/16/2023,16.7,49.5,26.2,2.2,2/12/2023,82,446
447,447,6/30/2023,51.6,47.5,25.5,74.3,12/21/2022,43,447
448,448,6/23/2023,70.4,76.1,64.2,14.6,12/25/2022,0,448
449,449,6/2/2023,51.1,25.9,43.1,40.4,9/22/2023,80,449
450,450,7/26/2023,13.6,30.6,28.3,9.2,10/3/2023,77,450
451,451,7/7/2023,5.8,88.5,94.8,33.9,9/25/2023,47,451
452,452,3/10/2023,42.1,90.7,30.7,3.0,12/5/2022,41,452
453,453,2/23/2023,93.6,54.7,5.9,10.5,3/29/2023,49,453
454,454,10/29/2023,85.5,82.4,67.1,72.5,10/30/2023,50,454
455,455,8/16/2023,52.4,68.0,90.2,28.7,9/4/2023,32,455
456,456,4/6/2023,40.8,75.8,44.4,24.6,8/25/2023,88,456
457,457,7/2/2023,89.2,92.3,55.4,80.8,1/9/2023,35,457
458,458,4/9/2023,24.5,71.1,46.3,73.4,5/7/2023,91,458
459,459,3/2/2023,73.1,11.5,36.9,95.8,11/4/2023,34,459
460,460,2/9/2023,82.1,52.6,88.1,9.5,8/21/2023,57,460
461,461,12/11/2022,22.6,65.5,7.2,61.4,5/15/2023,73,461
462,462,10/10/2023,26.5,50.0,96.9,36.7,12/1/2022,34,462
463,463,12/7/2022,92.4,42.8,66.7,10.7,7/10/2023,35,463
464,464,4/15/2023,59.7,98.4,37.9,6.0,12/25/2022,95,464
465,465,7/18/2023,62.8,42.7,43.7,86.2,1/18/2023,44,465
466,466,12/25/2022,11.0,23.4,58.2,24.1,11/14/2023,58,466
467,467,3/12/2023,27.6,71.9,42.3,59.6,12/5/2022,30,467
468,468,5/1/2023,13.3,38.8,40.9,28.6,2/22/2023,82,468
469,469,8/6/2023,52.1,77.5,14.3,54.0,5/14/2023,97,469
470,470,6/15/2023,92.4,2.1,54.7,0.3,12/11/2022,55,470
471,471,1/29/2023,22.3,24.6,42.9,57.5,10/18/2023,44,471
472,472,10/26/2023,50.0,62.3,68.6,94.6,10/12/2023,27,472
473,473,5/1/2023,98.1,30.3,62.5,58.5,11/28/2022,40,473
474,474,7/17/2023,24.6,67.7,35.2,80.0,7/30/2023,65,474
475,475,6/15/2023,51.9,27.1,21.2,68.6,12/18/2022,48,475
476,476,8/18/2023,13.1,83.3,41.8,69.6,6/17/2023,71,476
477,477,5/13/2023,9.1,67.1,69.2,64.9,2/9/2023,12,477
478,478,4/2/2023,77.7,0.2,95.1,28.3,12/29/2022,78,478
479,479,3/19/2023,99.8,66.5,37.0,12.6,6/13/2023,54,479
480,480,1/10/2023,71.5,76.3,70.2,4.0,10/13/2023,20,480
481,481,4/28/2023,44.3,61.2,54.6,2.1,2/20/2023,4,481
482,482,8/8/2023,73.0,86.3,38.1,16.5,8/14/2023,37,482
483,483,6/21/2023,36.2,33.5,94.3,93.4,2/9/2023,82,483
484,484,12/16/2022,47.7,87.8,26.0,37.5,8/4/2023,16,484
485,485,5/11/2023,24.3,64.9,25.8,36.1,9/30/2023,16,485
486,486,2/17/2023,24.8,13.8,36.6,63.5,12/14/2022,23,486
487,487,12/8/2022,94.5,34.4,62.4,45.2,12/13/2022,38,487
488,488,10/20/2023,2.5,22.3,57.5,73.6,1/23/2023,23,488
489,489,10/28/2023,52.0,75.1,96.9,61.7,12/1/2022,80,489
490,490,5/27/2023,84.4,73.8,74.2,86.4,3/4/2023,78,490
491,491,8/22/2023,42.2,76.6,30.1,11.9,4/28/2023,84,491
492,492,10/3/2023,65.1,33.4,43.2,2.5,11/25/2023,58,492
493,493,5/24/2023,14.9,86.7,57.2,5.7,2/16/2023,39,493
494,494,10/2/2023,56.0,22.4,33.2,84.3,3/20/2023,45,494
495,495,2/22/2023,73.6,35.8,25.4,14.7,3/9/2023,89,495
496,496,8/28/2023,18.1,32.3,9.1,7.9,9/10/2023,59,496
497,497,2/8/2023,13.4,38.0,75.9,41.6,9/11/2023,55,497
498,498,9/15/2023,36.6,7.0,44.9,56.0,7/6/2023,26,498
499,499,7/19/2023,16.8,17.7,1.2,54.5,6/1/2023,19,499
500,500,6/12/2023,77.4,43.8,39.4,1.7,8/13/2023,63,500
501,501,9/11/2023,49.3,2.9,17.3,54.9,6/7/2023,43,501
502,502,8/27/2023,30.0,6.2,69.5,26.7,11/22/2023,5,502
503,503,4/25/2023,89.4,31.8,93.7,11.2,2/18/2023,60,503
504,504,7/24/2023,6.2,89.4,21.3,17.0,1/4/2023,19,504
505,505,12/8/2022,99.5,78.8,78.9,22.0,8/3/2023,16,505
506,506,1/4/2023,12.5,14.2,46.6,15.7,5/1/2023,43,506
507,507,3/29/2023,31.8,8.3,97.5,50.9,3/14/2023,27,507
508,508,9/13/2023,2.4,57.6,52.0,8.5,8/28/2023,58,508
509,509,12/21/2022,11.6,29.9,27.4,37.8,11/15/2023,81,509
510,510,11/14/2023,89.3,33.0,47.7,95.0,11/11/2023,46,510
511,511,2/19/2023,33.2,87.3,55.1,29.5,5/28/2023,29,511
512,512,4/14/2023,51.9,21.5,92.8,43.5,1/8/2023,39,512
513,513,7/9/2023,64.0,39.7,63.0,20.3,1/26/2023,55,513
514,514,4/6/2023,9.2,14.5,88.8,36.9,5/17/2023,65,514
515,515,7/4/2023,37.8,64.6,26.8,78.9,11/2/2023,64,515
516,516,11/28/2022,53.3,21.6,49.3,68.2,2/3/2023,70,516
517,517,7/28/2023,59.3,73.3,76.0,17.7,2/2/2023,51,517
518,518,1/29/2023,91.1,3.5,59.0,13.4,6/16/2023,43,518
519,519,6/26/2023,11.9,43.2,66.5,12.9,6/6/2023,69,519
520,520,2/16/2023,31.3,20.8,0.9,43.2,10/21/2023,44,520
521,521,11/29/2022,19.1,31.4,53.7,91.1,7/9/2023,69,521
522,522,1/28/2023,20.1,77.7,17.4,25.3,2/2/2023,7,522
523,523,4/20/2023,42.7,75.9,69.1,88.2,3/12/2023,36,523
524,524,7/7/2023,24.3,86.7,60.9,84.2,11/25/2023,30,524
525,525,8/29/2023,93.2,91.0,86.7,81.6,10/19/2023,94,525
526,526,7/31/2023,50.8,60.6,44.0,39.3,6/30/2023,25,526
527,527,1/15/2023,60.5,62.1,85.5,50.1,8/13/2023,99,527
528,528,7/10/2023,93.5,76.6,2.0,0.6,7/11/2023,5,528
529,529,4/6/2023,85.4,48.7,35.3,40.2,8/12/2023,23,529
530,530,1/10/2023,54.7,56.6,61.9,43.3,2/22/2023,95,530
531,531,10/2/2023,6.5,3.0,59.1,30.5,2/6/2023,13,531
532,532,4/3/2023,83.1,22.9,58.5,90.7,9/4/2023,80,532
533,533,6/1/2023,20.8,48.2,43.9,2.3,11/14/2023,14,533
534,534,1/8/2023,3.5,65.3,1.5,15.9,7/14/2023,8,534
535,535,8/18/2023,96.0,44.8,15.8,21.6,3/13/2023,44,535
536,536,5/20/2023,27.8,37.7,19.4,16.7,1/8/2023,73,536
537,537,5/2/2023,59.1,91.6,4.7,15.3,10/6/2023,0,537
538,538,7/8/2023,46.6,53.0,58.9,96.6,1/31/2023,85,538
539,539,9/19/2023,56.3,41.0,72.3,87.9,10/25/2023,68,539
540,540,5/18/2023,36.6,59.7,57.4,39.7,12/21/2022,17,540
541,541,6/29/2023,32.1,34.5,98.7,29.4,12/8/2022,1,541
542,542,4/22/2023,38.6,34.7,60.5,15.4,12/25/2022,41,542
543,543,2/27/2023,5.0,59.5,62.6,11.9,9/30/2023,83,543
544,544,6/30/2023,29.5,1.7,51.6,6.4,12/11/2022,91,544
545,545,10/4/2023,77.7,97.1,44.6,9.8,1/13/2023,1,545
546,546,8/24/2023,79.9,37.1,3.8,94.0,6/1/2023,4,546
547,547,2/25/2023,47.0,23.7,89.0,90.6,6/19/2023,50,547
548,548,12/1/2022,51.6,64.9,95.0,99.8,5/15/2023,68,548
549,549,9/14/2023,67.0,98.2,57.3,79.1,4/25/2023,16,549
550,550,1/25/2023,93.2,74.5,3.3,0.4,6/24/2023,98,550
551,551,1/9/2023,51.1,59.1,75.7,33.5,1/18/2023,39,551
552,552,8/15/2023,35.4,43.2,7.9,80.2,7/8/2023,64,552
553,553,4/16/2023,52.2,66.9,35.1,95.7,9/6/2023,70,553
554,554,8/20/2023,56.3,57.5,50.1,16.0,11/10/2023,23,554
555,555,1/26/2023,36.3,76.5,66.7,0.8,8/1/2023,22,555
556,556,5/10/2023,36.0,88.9,95.6,95.9,5/27/2023,66,556
557,557,8/5/2023,60.0,38.9,70.7,82.0,2/25/2023,70,557
558,558,2/23/2023,94.9,91.4,81.7,3.3,7/23/2023,34,558
559,559,6/7/2023,37.9,75.4,3.6,31.0,1/10/2023,95,559
560,560,10/16/2023,44.3,12.0,40.0,27.8,5/21/2023,24,560
561,561,3/21/2023,47.5,32.8,77.7,46.4,5/24/2023,93,561
562,562,2/24/2023,81.5,19.3,99.5,43.3,1/25/2023,36,562
563,563,4/7/2023,48.6,80.4,80.5,69.6,6/12/2023,95,563
564,564,9/8/2023,57.2,22.9,64.8,19.2,8/11/2023,14,564
565,565,11/30/2022,31.3,11.5,17.9,85.5,1/8/2023,68,565
566,566,4/10/2023,38.9,55.0,47.1,14.0,8/19/2023,13,566
567,567,1/28/2023,47.9,27.2,75.1,58.2,10/29/2023,89,567
568,568,6/18/2023,42.8,69.7,44.8,80.8,3/15/2023,2,568
569,569,9/6/2023,41.8,11.6,17.0,86.7,9/2/2023,68,569
570,570,7/10/2023,21.0,61.2,51.5,20.0,10/30/2023,50,570
571,571,8/28/2023,48.6,73.9,30.4,55.3,1/21/2023,100,571
572,572,5/19/2023,32.8,96.5,97.0,15.3,1/26/2023,81,572
573,573,5/26/2023,77.1,90.6,15.3,44.8,11/13/2023,15,573
574,574,1/4/2023,93.7,26.0,75.0,34.3,12/3/2022,28,574
575,575,4/11/2023,28.6,8.9,74.9,76.5,4/6/2023,82,575
576,576,9/21/2023,77.9,3.0,30.7,88.4,8/31/2023,1,576
577,577,8/5/2023,84.2,19.6,83.4,4.4,8/28/2023,38,577
578,578,8/1/2023,24.2,27.1,74.2,73.8,10/8/2023,37,578
579,579,11/25/2023,46.7,42.6,31.8,29.3,8/27/2023,12,579
580,580,4/20/2023,90.9,72.1,33.4,58.5,10/31/2023,46,580
581,581,6/30/2023,73.1,79.9,89.5,5.5,1/14/2023,9,581
582,582,2/8/2023,37.4,37.7,99.3,85.5,4/11/2023,13,582
583,583,7/26/2023,28.2,9.1,2.5,61.7,5/29/2023,80,583
584,584,12/5/2022,73.1,48.3,96.4,77.9,7/14/2023,1,584
585,585,6/7/2023,87.6,56.0,26.5,39.2,3/19/2023,39,585
586,586,9/5/2023,67.0,99.3,38.6,74.8,2/26/2023,58,586
587,587,4/27/2023,7.4,57.2,37.1,85.0,6/15/2023,81,587
588,588,6/8/2023,68.8,75.7,28.4,97.1,11/22/2023,20,588
589,589,11/19/2023,63.4,80.4,23.0,71.0,2/27/2023,61,589
590,590,11/16/2023,19.4,41.1,60.8,64.4,7/18/2023,12,590
591,591,12/6/2022,38.2,37.7,15.2,28.3,3/19/2023,9,591
592,592,8/5/2023,3.6,16.0,95.0,74.4,6/18/2023,62,592
593,593,10/15/2023,40.5,71.2,26.1,96.7,12/5/2022,30,593
594,594,8/5/2023,56.0,29.0,14.1,61.0,9/18/2023,55,594
595,595,11/28/2022,65.3,13.7,66.1,26.4,9/1/2023,71,595
596,596,7/29/2023,40.9,82.9,57.1,0.4,8/12/2023,55,596
597,597,8/9/2023,9.3,64.7,77.5,43.9,3/15/2023,45,597
598,598,6/25/2023,3.7,24.9,17.2,30.6,5/8/2023,30,598
599,599,4/16/2023,65.3,79.1,38.0,21.9,2/4/2023,59,599
600,600,7/7/2023,95.2,99.2,29.3,59.4,5/25/2023,26,600
601,601,8/7/2023,64.5,49.6,23.3,58.4,4/21/2023,91,601
602,602,7/21/2023,12.8,40.8,6.8,90.3,4/5/2023,56,602
603,603,3/20/2023,59.1,4.3,92.8,85.9,2/10/2023,81,603
604,604,2/17/2023,35.4,46.0,30.0,51.7,12/13/2022,55,604
605,605,7/27/2023,86.0,59.8,20.8,55.7,10/27/2023,99,605
606,606,7/4/2023,93.3,54.8,17.0,37.2,12/12/2022,49,606
607,607,7/23/2023,16.8,33.1,68.7,23.2,10/23/2023,54,607
608,608,9/3/2023,60.6,39.1,8.1,57.9,6/10/2023,51,608
609,609,2/6/2023,26.6,37.5,24.7,57.4,9/27/2023,98,609
610,610,9/12/2023,22.3,32.2,41.0,68.3,12/18/2022,23,610
611,611,2/21/2023,77.1,72.1,2.1,96.6,5/13/2023,32,611
612,612,2/20/2023,61.4,81.3,45.4,6.2,12/10/2022,62,612
613,613,7/16/2023,83.7,53.3,20.7,45.4,11/11/2023,43,613
614,614,5/10/2023,39.6,99.1,15.8,2.5,9/22/2023,78,614
615,615,1/9/2023,35.1,2.7,24.5,5.7,11/6/2023,33,615
616,616,2/2/2023,42.1,16.1,54.8,74.1,8/23/2023,30,616
617,617,1/23/2023,30.1,65.8,18.5,21.6,7/3/2023,89,617
618,618,7/27/2023,11.3,21.3,5.1,59.0,6/21/2023,64,618
619,619,4/10/2023,74.5,79.1,41.5,56.5,1/18/2023,85,619
620,620,10/21/2023,6.5,60.0,63.8,96.1,6/25/2023,22,620
621,621,6/6/2023,33.4,0.2,79.3,95.4,5/18/2023,84,621
622,622,8/16/2023,79.0,44.8,90.4,37.6,12/1/2022,98,622
623,623,8/5/2023,44.8,34.3,29.3,95.1,12/20/2022,57,623
624,624,11/19/2023,9.6,61.4,54.7,91.7,10/8/2023,94,624
625,625,11/29/2022,32.9,42.4,24.2,88.2,12/13/2022,33,625
626,626,3/13/2023,98.1,39.0,51.3,34.2,11/1/2023,24,626
627,627,3/10/2023,96.2,5.8,67.7,19.2,5/22/2023,48,627
628,628,3/18/2023,19.1,98.8,15.8,34.1,2/3/2023,24,628
629,629,9/20/2023,93.3,21.5,91.4,36.3,8/14/2023,95,629
630,630,6/11/2023,65.3,89.9,10.2,63.6,6/24/2023,53,630
631,631,5/19/2023,58.3,10.5,53.5,1.8,1/17/2023,98,631
632,632,1/22/2023,56.4,20.0,0.3,56.1,11/12/2023,30,632
633,633,5/10/2023,17.7,27.0,5.1,84.0,2/23/2023,86,633
634,634,1/13/2023,25.6,26.2,94.9,42.4,5/29/2023,81,634
635,635,8/29/2023,33.4,14.7,89.8,58.0,4/4/2023,26,635
636,636,7/26/2023,19.1,83.1,66.3,97.7,7/18/2023,6,636
637,637,1/15/2023,62.5,96.2,40.9,99.7,7/21/2023,21,637
638,638,9/26/2023,41.6,97.6,53.7,52.1,6/12/2023,0,638
639,639,10/24/2023,25.8,67.6,93.9,82.0,5/5/2023,57,639
640,640,4/11/2023,14.9,88.6,75.2,2.6,1/27/2023,99,640
641,641,5/24/2023,20.7,71.8,28.5,89.9,2/13/2023,15,641
642,642,5/24/2023,39.2,92.2,61.2,2.8,5/30/2023,1,642
643,643,7/3/2023,6.7,5.2,66.2,52.4,3/2/2023,7,643
644,644,2/22/2023,64.9,83.6,11.3,88.5,12/6/2022,71,644
645,645,3/24/2023,31.3,94.0,94.6,79.7,8/4/2023,34,645
646,646,10/20/2023,6.0,75.4,53.5,25.3,6/2/2023,74,646
647,647,3/18/2023,0.7,50.7,73.3,73.3,4/12/2023,18,647
648,648,9/9/2023,86.6,8.2,95.0,60.6,10/30/2023,49,648
649,649,2/16/2023,0.6,49.9,75.9,17.2,10/20/2023,95,649
650,650,9/9/2023,74.1,89.5,99.1,91.5,9/3/2023,47,650
651,651,7/14/2023,14.6,35.3,81.2,57.3,2/8/2023,16,651
652,652,5/9/2023,97.7,54.3,55.7,61.4,7/23/2023,26,652
653,653,7/31/2023,1.8,57.2,56.6,82.2,8/5/2023,45,653
654,654,10/7/2023,65.4,99.2,38.0,21.5,5/22/2023,36,654
655,655,1/20/2023,60.0,94.4,42.7,54.1,11/15/2023,11,655
656,656,5/26/2023,94.8,73.4,84.9,59.7,3/17/2023,49,656
657,657,9/10/2023,70.0,53.7,65.4,7.3,1/23/2023,98,657
658,658,1/10/2023,84.5,56.0,52.0,11.1,9/8/2023,94,658
659,659,5/27/2023,97.3,53.4,78.2,12.1,1/6/2023,9,659
660,660,10/21/2023,40.6,31.4,63.0,51.1,6/1/2023,67,660
661,661,12/28/2022,73.1,59.0,5.9,68.0,11/24/2023,14,661
662,662,1/25/2023,90.6,45.3,26.3,14.5,2/13/2023,47,662
663,663,11/11/2023,78.0,30.9,50.4,44.9,9/26/2023,93,663
664,664,6/24/2023,94.4,46.9,29.5,20.6,8/25/2023,8,664
665,665,7/19/2023,23.6,78.0,69.2,90.7,5/11/2023,76,665
666,666,9/13/2023,21.7,30.2,62.1,10.9,7/19/2023,33,666
667,667,3/4/2023,31.3,87.3,46.5,24.8,11/30/2022,46,667
668,668,7/21/2023,33.8,3.5,3.5,57.0,10/16/2023,63,668
669,669,3/24/2023,17.9,21.8,86.5,82.0,9/26/2023,53,669
670,670,12/6/2022,77.5,69.4,48.0,91.0,10/18/2023,15,670
671,671,5/13/2023,17.0,9.6,3.3,12.1,10/3/2023,97,671
672,672,5/17/2023,38.6,97.3,1.4,98.3,4/15/2023,48,672
673,673,4/21/2023,22.8,7.9,70.7,67.2,4/24/2023,87,673
674,674,1/3/2023,30.7,73.5,40.5,87.0,4/6/2023,94,674
675,675,7/3/2023,69.8,27.5,5.2,4.2,1/25/2023,32,675
676,676,12/10/2022,33.6,54.4,12.5,15.6,9/15/2023,25,676
677,677,11/20/2023,72.2,19.8,45.4,48.3,4/24/2023,1,677
678,678,3/14/2023,2.3,90.7,58.7,49.9,5/26/2023,72,678
679,679,10/12/2023,17.5,9.1,61.1,50.4,5/1/2023,6,679
680,680,10/23/2023,83.3,52.7,49.1,23.7,6/8/2023,67,680
681,681,2/14/2023,58.1,35.2,15.4,55.7,4/6/2023,20,681
682,682,2/1/2023,2.2,20.7,96.4,81.4,10/1/2023,23,682
683,683,10/6/2023,80.8,20.1,94.5,51.0,11/8/2023,58,683
684,684,4/21/2023,54.1,59.3,27.1,75.4,12/2/2022,16,684
685,685,7/19/2023,1.7,28.7,43.0,44.9,11/14/2023,5,685
686,686,12/4/2022,26.8,99.6,22.7,44.6,6/26/2023,82,686
687,687,9/9/2023,70.5,78.4,37.0,66.2,6/18/2023,71,687
688,688,9/18/2023,14.0,13.3,12.4,1.7,12/6/2022,97,688
689,689,7/14/2023,86.5,11.7,68.5,49.0,6/13/2023,26,689
690,690,3/14/2023,51.2,68.0,34.5,83.0,4/28/2023,56,690
691,691,6/21/2023,95.9,76.2,3.7,4.8,8/26/2023,18,691
692,692,12/22/2022,5.1,79.3,31.9,29.2,11/25/2023,93,692
693,693,9/2/2023,42.1,94.9,71.2,9.2,4/25/2023,58,693
694,694,3/28/2023,13.6,91.0,17.6,16.8,6/21/2023,57,694
695,695,6/10/2023,79.9,41.0,90.9,83.0,12/2/2022,15,695
696,696,7/6/2023,89.1,77.1,92.5,14.4,10/10/2023,13,696
697,697,9/18/2023,33.6,76.5,15.0,18.2,7/4/2023,75,697
698,698,6/14/2023,91.0,71.4,44.4,86.6,10/2/2023,27,698
699,699,8/1/2023,95.1,33.2,58.6,76.9,6/17/2023,73,699
700,700,4/19/2023,17.4,63.0,63.3,60.5,7/25/2023,67,700
701,701,6/13/2023,74.8,14.9,80.7,57.9,2/1/2023,3,701
702,702,2/2/2023,46.1,8.3,5.8,2.6,6/2/2023,42,702
703,703,1/26/2023,38.7,43.6,48.0,71.3,12/31/2022,36,703
704,704,8/22/2023,20.3,45.6,62.2,10.9,12/13/2022,44,704
705,705,3/17/2023,65.0,79.9,46.4,48.2,2/8/2023,44,705
706,706,11/1/2023,82.8,64.0,32.2,37.4,8/28/2023,11,706
707,707,4/3/2023,3.0,51.9,73.9,79.8,8/3/2023,76,707
708,708,10/9/2023,29.8,36.6,30.4,22.6,7/6/2023,10,708
709,709,9/11/2023,56.5,35.3,59.1,96.1,12/31/2022,83,709
710,710,2/12/2023,48.1,36.9,27.5,74.0,10/22/2023,4,710
711,711,2/21/2023,81.2,49.7,64.0,59.3,8/10/2023,33,711
712,712,11/4/2023,71.9,66.7,50.0,49.0,2/22/2023,36,712
713,713,5/19/2023,11.1,6.5,76.2,86.7,11/18/2023,69,713
714,714,7/6/2023,66.3,24.8,25.9,64.4,10/7/2023,13,714
715,715,5/12/2023,74.8,36.1,0.4,1.0,4/6/2023,57,715
716,716,7/4/2023,8.6,89.3,72.2,72.8,4/19/2023,71,716
717,717,12/19/2022,5.6,79.5,50.0,72.8,12/8/2022,6,717
718,718,1/5/2023,45.4,28.3,85.4,20.2,2/10/2023,6,718
719,719,4/2/2023,23.7,38.8,74.7,85.3,4/12/2023,42,719
720,720,11/5/2023,55.0,96.7,21.3,0.0,1/11/2023,50,720
721,721,6/20/2023,85.6,59.6,18.8,39.6,10/3/2023,16,721
722,722,3/31/2023,61.3,20.6,9.3,94.5,7/4/2023,33,722
723,723,9/1/2023,12.5,3.6,14.4,62.0,9/2/2023,38,723
724,724,11/2/2023,5.5,93.5,43.8,62.4,11/27/2022,25,724
725,725,4/23/2023,38.5,31.4,76.7,43.2,10/24/2023,7,725
726,726,12/17/2022,29.0,56.3,39.0,2.7,9/29/2023,13,726
727,727,7/17/2023,93.3,57.2,56.4,44.0,12/7/2022,100,727
728,728,6/3/2023,47.5,73.7,90.5,25.1,1/26/2023,6,728
729,729,3/26/2023,37.2,57.9,23.2,79.7,6/30/2023,83,729
730,730,7/7/2023,48.1,77.1,42.4,53.5,3/8/2023,45,730
731,731,9/30/2023,17.6,7.4,13.9,70.6,12/31/2022,55,731
732,732,11/8/2023,48.9,19.0,84.4,42.4,4/2/2023,13,732
733,733,11/27/2022,20.0,65.7,19.5,3.7,8/8/2023,18,733
734,734,10/13/2023,30.8,69.9,42.0,64.7,11/20/2023,91,734
735,735,12/24/2022,69.3,77.1,90.9,74.6,2/6/2023,57,735
736,736,10/4/2023,54.9,45.5,51.2,41.6,2/12/2023,88,736
737,737,10/5/2023,72.4,51.0,81.2,91.8,12/17/2022,0,737
738,738,8/29/2023,15.3,25.1,53.1,13.8,12/25/2022,7,738
739,739,11/14/2023,90.2,94.4,29.3,98.3,6/3/2023,71,739
740,740,4/6/2023,34.9,85.4,10.3,4.4,5/8/2023,77,740
741,741,9/17/2023,65.5,71.6,68.0,0.4,11/18/2023,75,741
742,742,11/1/2023,65.7,24.8,69.0,58.2,3/20/2023,11,742
743,743,2/10/2023,69.1,40.9,39.0,22.1,8/28/2023,17,743
744,744,2/18/2023,64.6,72.2,76.0,3.5,11/10/2023,52,744
745,745,3/23/2023,55.0,18.3,0.8,38.6,10/31/2023,42,745
746,746,10/26/2023,97.6,52.9,16.5,96.2,9/26/2023,38,746
747,747,7/2/2023,47.1,19.6,95.9,80.6,5/27/2023,62,747
748,748,6/25/2023,8.2,79.5,91.5,43.2,5/13/2023,17,748
749,749,11/28/2022,94.3,85.4,69.6,18.5,3/27/2023,2,749
750,750,10/21/2023,43.6,35.8,27.2,88.4,5/15/2023,30,750
751,751,12/23/2022,3.2,38.0,20.5,61.1,8/16/2023,33,751
752,752,6/10/2023,52.3,99.9,32.1,5.9,4/29/2023,2,752
753,753,11/22/2023,43.4,2.1,20.3,18.5,5/7/2023,9,753
754,754,4/6/2023,18.2,38.2,95.4,73.1,7/28/2023,24,754
755,755,8/31/2023,27.1,94.3,83.6,45.7,6/16/2023,4,755
756,756,11/28/2022,27.4,26.6,93.8,81.5,8/20/2023,33,756
757,757,5/5/2023,44.7,38.3,45.1,98.1,12/12/2022,26,757
758,758,12/17/2022,1.1,33.0,80.9,39.1,9/11/2023,59,758
759,759,11/8/2023,72.0,97.2,19.2,46.2,3/5/2023,45,759
760,760,2/18/2023,19.2,23.5,35.6,41.6,8/19/2023,81,760
761,761,11/15/2023,90.6,34.5,68.1,84.2,7/4/2023,88,761
762,762,5/26/2023,54.8,40.1,31.3,22.8,7/3/2023,81,762
763,763,1/7/2023,66.4,29.2,88.2,43.2,6/24/2023,5,763
764,764,9/18/2023,42.6,47.5,67.7,95.1,12/25/2022,41,764
765,765,8/22/2023,5.8,73.3,89.8,42.7,7/18/2023,71,765
766,766,3/20/2023,20.7,37.6,31.5,1.5,3/19/2023,11,766
767,767,8/6/2023,78.5,49.5,85.1,48.3,2/12/2023,83,767
768,768,10/30/2023,31.8,63.8,64.9,34.1,10/15/2023,4,768
769,769,2/4/2023,10.9,35.6,29.7,86.2,10/17/2023,79,769
770,770,7/15/2023,0.2,61.7,56.8,56.6,9/30/2023,12,770
771,771,3/1/2023,12.4,19.7,7.1,93.1,1/10/2023,49,771
772,772,1/1/2023,32.0,96.2,40.0,29.4,9/20/2023,1,772
773,773,12/9/2022,65.8,38.7,58.5,93.9,6/21/2023,85,773
774,774,1/27/2023,92.0,36.5,24.2,56.6,12/13/2022,99,774
775,775,5/1/2023,96.9,6.1,57.0,63.0,1/23/2023,46,775
776,776,6/6/2023,14.5,91.2,48.4,68.5,8/4/2023,49,776
777,777,10/10/2023,17.9,44.6,89.1,77.1,9/24/2023,20,777
778,778,1/15/2023,62.6,0.1,19.3,4.1,6/12/2023,1,778
779,779,2/10/2023,11.3,28.0,73.7,13.8,10/26/2023,89,779
780,780,9/1/2023,29.5,24.3,91.9,26.9,2/4/2023,29,780
781,781,2/17/2023,66.4,16.6,58.4,42.4,6/9/2023,18,781
782,782,12/3/2022,82.0,39.6,53.9,76.2,7/14/2023,29,782
783,783,4/28/2023,2.9,10.7,67.5,22.6,10/12/2023,46,783
784,784,1/14/2023,54.4,30.0,37.5,19.1,6/25/2023,71,784
785,785,12/8/2022,91.6,0.2,24.9,0.9,5/10/2023,90,785
786,786,11/6/2023,85.6,48.3,21.1,4.7,3/11/2023,78,786
787,787,6/21/2023,98.9,82.0,70.3,67.3,5/17/2023,98,787
788,788,1/12/2023,27.3,77.9,59.9,45.8,4/27/2023,61,788
789,789,4/4/2023,27.7,25.4,61.6,62.5,4/14/2023,53,789
790,790,12/11/2022,63.2,14.4,87.0,2.7,3/2/2023,22,790
791,791,10/16/2023,1.7,60.1,79.4,58.0,5/7/2023,95,791
792,792,4/3/2023,49.8,67.3,42.6,35.2,3/4/2023,40,792
793,793,1/18/2023,47.3,50.2,68.5,93.1,6/1/2023,85,793
794,794,8/26/2023,63.9,73.2,28.8,79.8,4/3/2023,76,794
795,795,11/7/2023,48.4,67.3,86.6,65.2,10/13/2023,77,795
796,796,11/13/2023,9.8,22.9,87.5,16.1,9/9/2023,27,796
797,797,8/23/2023,76.3,2.9,36.3,79.2,3/1/2023,85,797
798,798,9/11/2023,27.9,21.2,9.6,80.7,8/27/2023,26,798
799,799,1/17/2023,22.1,11.7,52.0,56.6,11/24/2023,98,799
800,800,11/8/2023,51.5,39.8,61.2,39.1,3/1/2023,80,800
801,801,6/26/2023,27.8,61.3,36.1,22.4,12/19/2022,27,801
802,802,9/22/2023,31.0,92.3,68.9,98.0,7/26/2023,43,802
803,803,3/23/2023,59.5,33.9,31.1,88.8,10/6/2023,7,803
804,804,12/19/2022,68.7,2.2,10.7,29.9,5/3/2023,45,804
805,805,8/1/2023,91.1,7.0,66.3,97.8,3/20/2023,54,805
806,806,5/9/2023,63.8,57.4,69.4,76.7,8/13/2023,78,806
807,807,3/21/2023,87.7,1.7,20.6,41.0,12/5/2022,55,807
808,808,11/21/2023,81.3,54.0,38.5,85.3,10/24/2023,38,808
809,809,11/14/2023,1.8,75.7,98.1,88.9,10/9/2023,59,809
810,810,5/2/2023,56.5,18.1,63.5,21.0,6/17/2023,34,810
811,811,7/12/2023,14.3,26.2,59.8,69.0,12/3/2022,22,811
812,812,9/30/2023,79.6,21.6,98.7,53.8,3/20/2023,56,812
813,813,4/13/2023,66.0,16.1,59.8,45.1,2/14/2023,54,813
814,814,5/13/2023,52.7,36.5,50.9,32.5,1/9/2023,45,814
815,815,12/18/2022,12.1,75.2,54.4,77.2,9/22/2023,66,815
816,816,7/1/2023,49.1,19.6,42.7,21.8,10/20/2023,29,816
817,817,10/8/2023,56.1,23.2,2.3,64.2,6/25/2023,45,817
818,818,10/16/2023,96.8,3.9,62.9,61.7,9/26/2023,55,818
819,819,6/8/2023,21.7,0.5,16.6,3.2,8/24/2023,32,819
820,820,1/3/2023,34.7,15.7,49.0,83.4,10/7/2023,15,820
821,821,9/29/2023,62.9,81.8,61.2,36.7,2/13/2023,78,821
822,822,9/15/2023,84.2,33.5,59.5,95.0,2/6/2023,35,822
823,823,1/8/2023,95.5,84.9,27.8,40.7,9/27/2023,52,823
824,824,2/7/2023,46.4,83.9,35.7,30.3,4/26/2023,95,824
825,825,8/20/2023,19.0,74.2,65.1,95.0,7/1/2023,59,825
826,826,6/24/2023,68.1,28.3,54.1,97.7,4/4/2023,89,826
827,827,3/9/2023,52.1,60.3,61.6,91.6,3/31/2023,41,827
828,828,11/23/2023,23.2,10.8,73.5,13.8,7/4/2023,46,828
829,829,9/24/2023,68.4,4.2,5.4,5.2,10/23/2023,57,829
830,830,8/24/2023,40.5,40.4,76.1,7.3,12/2/2022,65,830
831,831,5/8/2023,63.5,96.3,52.4,15.6,3/29/2023,3,831
832,832,10/4/2023,32.4,2.1,52.1,69.7,10/9/2023,82,832
833,833,2/15/2023,17.4,46.7,45.9,5.1,5/28/2023,99,833
834,834,1/28/2023,68.5,64.6,75.4,51.4,5/11/2023,43,834
835,835,5/9/2023,54.7,12.6,67.4,22.1,4/20/2023,56,835
836,836,12/5/2022,5.1,90.9,58.4,38.4,9/15/2023,14,836
837,837,5/28/2023,81.0,66.7,28.4,43.6,12/7/2022,40,837
838,838,12/9/2022,97.4,92.7,51.9,85.4,11/13/2023,80,838
839,839,4/29/2023,87.4,32.5,73.1,91.0,1/24/2023,58,839
840,840,9/28/2023,84.4,2.5,44.1,90.0,4/24/2023,31,840
841,841,11/29/2022,53.6,95.2,53.6,21.3,8/16/2023,23,841
842,842,1/29/2023,81.2,20.2,66.2,31.1,5/2/2023,72,842
843,843,7/10/2023,46.1,49.1,34.6,37.6,12/31/2022,1,843
844,844,11/7/2023,80.7,79.6,61.5,40.1,6/26/2023,21,844
845,845,8/14/2023,0.6,72.3,55.5,83.4,5/29/2023,15,845
846,846,12/19/2022,70.3,31.6,31.1,43.5,11/30/2022,97,846
847,847,5/13/2023,67.8,45.6,62.5,42.6,2/14/2023,42,847
848,848,7/12/2023,59.6,80.7,5.3,92.7,10/26/2023,80,848
849,849,4/25/2023,12.8,32.6,59.2,41.6,2/16/2023,93,849
850,850,5/2/2023,81.8,81.8,70.8,20.1,1/20/2023,71,850
851,851,3/4/2023,33.4,55.8,35.8,45.2,4/11/2023,85,851
852,852,5/29/2023,73.6,56.8,27.2,44.6,7/14/2023,24,852
853,853,11/28/2022,15.0,95.4,57.5,46.7,11/24/2023,74,853
854,854,5/1/2023,71.2,24.3,90.1,22.8,8/16/2023,30,854
855,855,7/16/2023,14.4,48.1,80.4,94.5,6/7/2023,48,855
856,856,10/31/2023,87.0,17.8,17.1,86.0,10/30/2023,48,856
857,857,10/14/2023,6.0,59.9,48.8,87.3,6/19/2023,69,857
858,858,3/29/2023,21.5,54.6,62.9,79.3,6/21/2023,26,858
859,859,1/14/2023,6.0,8.3,93.9,85.0,5/6/2023,11,859
860,860,1/22/2023,79.3,60.9,85.1,18.8,12/27/2022,86,860
861,861,1/15/2023,44.1,8.1,27.0,23.1,8/11/2023,47,861
862,862,2/26/2023,53.7,45.5,17.8,41.5,9/10/2023,52,862
863,863,1/22/2023,52.6,53.4,28.4,29.7,1/7/2023,86,863
864,864,12/2/2022,71.2,93.0,44.1,20.1,2/21/2023,75,864
865,865,10/11/2023,17.3,20.3,93.8,40.2,10/12/2023,83,865
866,866,8/17/2023,82.4,86.8,60.6,56.6,4/8/2023,71,866
867,867,10/19/2023,10.5,71.2,3.2,14.3,6/18/2023,62,867
868,868,9/6/2023,72.7,45.2,18.0,38.6,5/24/2023,59,868
869,869,3/8/2023,46.2,54.4,75.2,14.7,10/14/2023,85,869
870,870,9/22/2023,83.0,25.4,75.0,71.1,8/17/2023,71,870
871,871,7/5/2023,47.3,55.5,98.7,30.5,2/24/2023,56,871
872,872,2/4/2023,57.4,79.9,47.9,78.0,3/22/2023,45,872
873,873,10/22/2023,12.2,25.5,42.6,25.0,4/2/2023,99,873
874,874,5/7/2023,80.9,31.9,23.9,61.5,11/6/2023,58,874
875,875,11/9/2023,89.8,50.0,41.6,53.3,1/25/2023,31,875
876,876,11/22/2023,97.1,62.9,33.6,43.8,10/3/2023,41,876
877,877,12/17/2022,19.7,38.0,30.9,46.7,9/17/2023,15,877
878,878,5/14/2023,34.4,73.8,18.0,89.7,1/14/2023,2,878
879,879,11/5/2023,93.5,35.8,24.6,26.6,11/15/2023,32,879
880,880,3/3/2023,8.8,17.0,37.4,84.0,12/13/2022,13,880
881,881,11/20/2023,26.4,13.1,82.6,5.2,9/20/2023,25,881
882,882,9/5/2023,88.6,85.6,39.3,41.8,12/20/2022,17,882
883,883,6/27/2023,20.6,15.1,41.3,95.6,3/11/2023,13,883
884,884,1/16/2023,24.1,38.8,64.7,0.1,9/3/2023,99,884
885,885,5/6/2023,56.7,64.2,58.6,33.8,7/28/2023,42,885
886,886,11/1/2023,84.7,50.6,38.3,2.8,1/6/2023,7,886
887,887,2/13/2023,60.5,94.3,13.2,81.0,7/12/2023,85,887
888,888,6/16/2023,53.9,51.1,45.0,71.6,11/10/2023,10,888
889,889,5/28/2023,19.9,82.6,10.1,66.8,10/15/2023,2,889
890,890,3/18/2023,77.2,74.0,50.7,19.3,7/9/2023,39,890
891,891,4/25/2023,94.0,55.9,21.3,23.6,11/11/2023,14,891
892,892,8/11/2023,43.4,78.7,50.2,34.3,5/25/2023,99,892
893,893,6/19/2023,21.7,98.2,4.2,75.6,3/6/2023,10,893
894,894,6/9/2023,42.0,99.3,48.8,70.3,3/19/2023,97,894
895,895,9/24/2023,99.6,71.4,68.7,14.7,8/31/2023,73,895
896,896,2/11/2023,5.3,73.4,10.4,50.3,5/5/2023,54,896
897,897,12/16/2022,76.6,6.1,21.3,54.3,10/12/2023,59,897
898,898,1/21/2023,38.6,55.3,9.1,6.6,6/7/2023,74,898
899,899,6/6/2023,65.1,79.9,0.1,93.3,2/16/2023,47,899
900,900,10/8/2023,44.0,2.4,89.9,61.4,3/15/2023,5,900
901,901,4/24/2023,38.8,91.8,27.2,62.0,6/16/2023,53,901
902,902,10/19/2023,68.1,83.2,4.1,10.4,4/22/2023,33,902
903,903,1/3/2023,6.9,56.9,71.5,52.3,9/12/2023,73,903
904,904,9/25/2023,85.5,90.2,62.2,37.9,3/26/2023,44,904
905,905,10/14/2023,59.7,40.5,63.3,43.5,5/12/2023,1,905
906,906,1/18/2023,29.3,78.3,79.7,99.9,3/18/2023,26,906
907,907,7/4/2023,15.1,24.5,91.0,11.5,5/22/2023,92,907
908,908,9/7/2023,68.3,64.9,51.5,34.8,12/24/2022,6,908
909,909,12/28/2022,39.4,97.9,10.3,98.9,10/26/2023,32,909
910,910,11/11/2023,76.5,46.2,99.7,96.0,5/9/2023,1,910
911,911,2/9/2023,40.7,64.8,83.2,31.1,10/1/2023,30,911
912,912,12/31/2022,27.6,44.8,89.2,65.8,11/28/2022,55,912
913,913,10/16/2023,83.6,79.9,25.4,41.7,3/27/2023,75,913
914,914,10/29/2023,7.2,36.0,77.3,50.5,12/12/2022,65,914
915,915,1/7/2023,64.1,25.2,38.9,74.7,12/12/2022,5,915
916,916,2/16/2023,26.6,34.0,67.8,78.0,4/24/2023,35,916
917,917,12/15/2022,32.7,31.1,99.0,33.6,7/22/2023,61,917
918,918,2/11/2023,38.0,70.2,35.0,52.0,5/16/2023,3,918
919,919,3/13/2023,10.3,29.4,47.9,27.7,12/23/2022,67,919
920,920,5/23/2023,31.7,21.2,26.5,33.1,5/6/2023,15,920
921,921,6/5/2023,75.4,91.9,47.7,45.4,10/23/2023,84,921
922,922,12/22/2022,66.5,78.9,91.5,50.9,6/2/2023,18,922
923,923,8/3/2023,6.3,47.3,58.6,42.3,4/25/2023,55,923
924,924,1/25/2023,21.1,70.6,17.6,29.4,8/17/2023,71,924
925,925,6/16/2023,23.7,28.3,6.3,85.3,3/5/2023,62,925
926,926,9/23/2023,49.7,10.0,17.1,16.0,8/14/2023,94,926
927,927,4/19/2023,38.8,98.6,84.8,21.7,6/3/2023,67,927
928,928,1/13/2023,84.0,7.3,9.5,48.3,3/26/2023,87,928
929,929,5/30/2023,41.0,58.6,66.9,17.0,9/4/2023,34,929
930,930,11/7/2023,74.4,56.3,69.8,78.3,6/7/2023,68,930
931,931,12/13/2022,36.6,10.2,11.5,0.8,3/7/2023,76,931
932,932,10/17/2023,61.3,24.7,62.1,51.5,6/18/2023,43,932
933,933,10/4/2023,95.0,80.5,91.5,9.7,8/14/2023,91,933
934,934,7/1/2023,79.5,83.2,34.0,78.9,10/18/2023,9,934
935,935,10/22/2023,0.4,31.1,63.9,42.7,9/15/2023,97,935
936,936,9/4/2023,47.7,10.4,42.6,79.0,2/27/2023,58,936
937,937,1/23/2023,74.6,26.6,70.3,96.6,2/26/2023,46,937
938,938,5/5/2023,44.5,98.9,39.1,68.9,3/17/2023,26,938
939,939,5/14/2023,53.9,68.0,43.6,14.2,5/31/2023,2,939
940,940,7/25/2023,1.7,23.3,68.1,22.3,5/2/2023,67,940
941,941,12/25/2022,63.5,93.2,86.7,81.6,1/22/2023,53,941
942,942,7/4/2023,61.5,34.8,76.0,34.6,12/22/2022,90,942
943,943,8/29/2023,2.0,62.8,79.0,9.5,6/10/2023,24,943
944,944,11/19/2023,5.2,34.0,99.9,83.9,8/22/2023,79,944
945,945,6/13/2023,12.1,39.1,85.5,89.2,11/28/2022,46,945
946,946,11/24/2023,6.9,74.9,5.7,91.3,7/28/2023,1,946
947,947,4/10/2023,24.1,6.1,76.7,19.5,12/27/2022,71,947
948,948,9/1/2023,19.6,96.7,21.4,63.6,7/23/2023,14,948
949,949,8/24/2023,49.4,71.3,51.8,77.4,1/2/2023,68,949
950,950,8/25/2023,65.2,28.4,26.2,63.7,6/9/2023,9,950
951,951,3/14/2023,88.2,65.4,60.3,47.5,6/19/2023,56,951
952,952,6/3/2023,92.2,28.6,71.1,57.8,4/30/2023,90,952
953,953,7/29/2023,50.4,29.3,56.1,68.5,9/15/2023,33,953
954,954,8/14/2023,98.7,98.6,29.1,23.3,5/3/2023,50,954
955,955,12/23/2022,27.0,89.0,1.7,12.6,3/6/2023,64,955
956,956,1/16/2023,15.6,62.8,66.6,35.8,8/23/2023,61,956
957,957,10/16/2023,29.7,33.5,53.4,43.4,11/7/2023,11,957
958,958,2/23/2023,77.9,99.0,36.5,42.7,12/22/2022,2,958
959,959,5/26/2023,39.2,22.3,48.8,63.7,3/12/2023,49,959
960,960,2/27/2023,54.4,50.0,27.6,30.9,10/27/2023,53,960
961,961,12/31/2022,72.6,43.0,90.7,20.3,8/19/2023,63,961
962,962,2/11/2023,40.6,74.8,96.2,6.4,10/10/2023,38,962
963,963,1/22/2023,2.1,91.9,68.9,67.4,8/28/2023,99,963
964,964,5/2/2023,85.3,43.8,74.1,99.4,12/13/2022,97,964
965,965,4/23/2023,50.1,28.4,82.8,21.2,2/18/2023,4,965
966,966,12/10/2022,86.8,87.3,41.5,11.1,8/28/2023,81,966
967,967,10/18/2023,97.0,29.6,1.8,63.0,10/14/2023,36,967
968,968,1/3/2023,61.9,36.8,35.0,75.0,9/22/2023,65,968
969,969,12/18/2022,37.0,14.4,29.3,57.4,10/30/2023,70,969
970,970,5/18/2023,84.5,92.5,17.7,45.8,5/22/2023,40,970
971,971,8/27/2023,33.1,23.6,85.8,82.6,3/3/2023,90,971
972,972,7/18/2023,55.7,68.7,91.1,8.3,6/30/2023,67,972
973,973,1/21/2023,59.0,7.0,46.6,4.6,6/19/2023,66,973
974,974,4/5/2023,93.4,99.0,40.6,5.2,10/20/2023,56,974
975,975,2/3/2023,18.6,88.9,81.5,46.0,3/5/2023,48,975
976,976,4/29/2023,39.1,56.0,95.5,16.8,11/11/2023,3,976
977,977,2/1/2023,68.0,13.6,13.0,41.7,6/6/2023,49,977
978,978,10/30/2023,47.0,86.7,54.3,79.6,9/29/2023,62,978
979,979,1/3/2023,97.0,80.8,88.5,7.8,7/7/2023,75,979
980,980,10/25/2023,46.0,16.8,51.3,4.4,4/10/2023,94,980
981,981,9/26/2023,18.6,85.5,6.5,58.5,3/16/2023,1,981
982,982,3/25/2023,92.3,57.8,8.9,69.2,8/10/2023,75,982
983,983,12/15/2022,99.8,47.0,52.4,96.6,12/22/2022,58,983
984,984,2/14/2023,77.2,91.3,36.7,2.4,12/11/2022,78,984
985,985,4/4/2023,37.8,84.5,19.5,98.7,5/1/2023,100,985
986,986,4/8/2023,15.3,27.9,74.3,52.0,10/20/2023,50,986
987,987,7/31/2023,1.8,79.6,0.3,25.6,6/13/2023,93,987
988,988,5/20/2023,20.1,86.9,63.7,10.8,12/18/2022,42,988
989,989,6/23/2023,29.2,71.9,84.6,87.8,2/15/2023,85,989
990,990,7/7/2023,8.6,63.6,17.9,29.1,8/29/2023,16,990
991,991,11/19/2023,62.3,46.4,38.5,10.8,4/9/2023,14,991
992,992,12/28/2022,4.3,34.8,99.2,55.5,12/7/2022,61,992
993,993,5/8/2023,85.5,14.4,7.7,5.1,12/13/2022,88,993
994,994,10/9/2023,48.6,20.7,32.5,76.2,1/24/2023,90,994
995,995,8/13/2023,64.0,43.3,20.6,51.4,6/11/2023,20,995
996,996,5/24/2023,61.8,72.4,76.9,55.2,11/10/2023,33,996
997,997,11/14/2023,74.6,9.3,91.8,50.9,6/17/2023,87,997
998,998,1/23/2023,99.5,75.2,45.0,17.0,9/1/2023,92,998
999,999,7/23/2023,10.0,7.5,95.4,76.8,4/29/2023,60,999
1000,1000,9/13/2023,5.4,11.6,14.1,80.2,11/13/2023,98,1000
