course_code,course_duration
1,51
2,54
3,7
4,65
5,75
6,67
7,40
8,72
9,25
10,86
11,36
12,24
13,19
14,35
15,74
16,17
17,22
18,100
19,92
20,99
21,85
22,44
23,79
24,99
25,95
26,80
27,21
28,13
29,3
30,82
31,50
32,20
33,33
34,80
35,18
36,37
37,89
38,2
39,18
40,61
41,83
42,98
43,4
44,30
45,53
46,99
47,39
48,75
49,88
50,41
51,31
52,15
53,42
54,32
55,87
56,94
57,12
58,54
59,35
60,9
61,53
62,39
63,89
64,59
65,65
66,13
67,45
68,74
69,1
70,91
71,87
72,6
73,4
74,27
75,65
76,80
77,66
78,12
79,21
80,77
81,74
82,8
83,94
84,4
85,65
86,82
87,98
88,41
89,5
90,95
91,53
92,81
93,22
94,30
95,70
96,55
97,33
98,82
99,98
100,20
101,61
102,43
103,33
104,90
105,50
106,7
107,13
108,7
109,20
110,48
111,30
112,58
113,65
114,93
115,40
116,37
117,17
118,27
119,31
120,77
121,86
122,34
123,50
124,95
125,77
126,94
127,36
128,10
129,18
130,19
131,10
132,2
133,41
134,14
135,78
136,4
137,38
138,61
139,69
140,29
141,47
142,65
143,97
144,39
145,14
146,58
147,66
148,44
149,94
150,84
151,49
152,20
153,51
154,76
155,76
156,57
157,74
158,34
159,15
160,99
161,26
162,76
163,99
164,13
165,47
166,76
167,54
168,36
169,32
170,93
171,10
172,17
173,98
174,34
175,34
176,15
177,46
178,99
179,7
180,52
181,100
182,25
183,83
184,86
185,70
186,12
187,51
188,7
189,90
190,8
191,43
192,88
193,61
194,87
195,75
196,67
197,79
198,21
199,21
200,38
201,79
202,84
203,29
204,61
205,94
206,92
207,26
208,90
209,79
210,46
211,72
212,96
213,100
214,93
215,20
216,90
217,59
218,3
219,83
220,36
221,61
222,31
223,80
224,94
225,24
226,16
227,41
228,96
229,65
230,48
231,5
232,5
233,37
234,97
235,31
236,81
237,3
238,70
239,57
240,59
241,76
242,42
243,67
244,23
245,9
246,91
247,70
248,99
249,88
250,97
251,22
252,43
253,82
254,94
255,75
256,2
257,69
258,57
259,97
260,26
261,94
262,63
263,87
264,93
265,39
266,95
267,4
268,90
269,87
270,53
271,61
272,54
273,62
274,30
275,67
276,49
277,92
278,64
279,63
280,99
281,35
282,97
283,20
284,49
285,6
286,92
287,65
288,63
289,43
290,95
291,20
292,73
293,72
294,3
295,8
296,43
297,50
298,43
299,21
300,58
301,47
302,59
303,51
304,64
305,22
306,37
307,38
308,83
309,99
310,30
311,75
312,80
313,7
314,35
315,8
316,33
317,5
318,73
319,15
320,44
321,21
322,29
323,32
324,18
325,19
326,36
327,57
328,33
329,44
330,9
331,64
332,22
333,6
334,64
335,27
336,3
337,26
338,79
339,15
340,29
341,50
342,36
343,62
344,76
345,63
346,96
347,64
348,81
349,95
350,53
351,76
352,92
353,18
354,51
355,60
356,92
357,55
358,100
359,37
360,69
361,55
362,50
363,54
364,83
365,41
366,23
367,82
368,36
369,100
370,69
371,15
372,91
373,57
374,73
375,40
376,12
377,29
378,48
379,10
380,52
381,79
382,36
383,65
384,63
385,26
386,61
387,34
388,19
389,62
390,98
391,20
392,6
393,67
394,31
395,97
396,8
397,44
398,48
399,92
400,47
401,28
402,78
403,25
404,87
405,18
406,41
407,3
408,9
409,50
410,27
411,66
412,31
413,93
414,21
415,100
416,85
417,86
418,10
419,61
420,68
421,12
422,90
423,76
424,64
425,85
426,79
427,10
428,37
429,8
430,58
431,69
432,43
433,4
434,53
435,33
436,66
437,19
438,7
439,24
440,96
441,36
442,91
443,38
444,84
445,16
446,2
447,56
448,75
449,16
450,52
451,76
452,60
453,92
454,26
455,30
456,13
457,82
458,72
459,19
460,67
461,17
462,96
463,33
464,36
465,46
466,80
467,46
468,75
469,84
470,45
471,56
472,72
473,67
474,73
475,61
476,33
477,89
478,15
479,45
480,39
481,69
482,52
483,66
484,48
485,40
486,29
487,38
488,54
489,49
490,98
491,86
492,7
493,26
494,59
495,42
496,67
497,79
498,43
499,3
500,54
501,6
502,63
503,80
504,21
505,23
506,96
507,26
508,81
509,3
510,69
511,79
512,27
513,15
514,61
515,86
516,2
517,16
518,77
519,91
520,32
521,61
522,1
523,44
524,50
525,24
526,7
527,67
528,4
529,2
530,19
531,50
532,63
533,19
534,36
535,20
536,90
537,79
538,51
539,41
540,85
541,100
542,60
543,56
544,74
545,9
546,77
547,87
548,97
549,9
550,23
551,80
552,9
553,44
554,12
555,52
556,4
557,1
558,14
559,81
560,19
561,43
562,84
563,61
564,12
565,39
566,59
567,16
568,58
569,39
570,73
571,68
572,92
573,75
574,8
575,84
576,96
577,70
578,1
579,27
580,8
581,19
582,52
583,51
584,89
585,55
586,65
587,90
588,92
589,17
590,68
591,74
592,27
593,96
594,68
595,18
596,73
597,57
598,99
599,76
600,13
601,54
602,98
603,22
604,76
605,44
606,7
607,13
608,45
609,47
610,48
611,5
612,12
613,92
614,35
615,97
616,61
617,78
618,96
619,68
620,41
621,91
622,80
623,95
624,99
625,23
626,98
627,1
628,15
629,56
630,54
631,78
632,38
633,77
634,45
635,30
636,96
637,93
638,57
639,62
640,44
641,67
642,21
643,14
644,31
645,28
646,81
647,98
648,14
649,71
650,66
651,42
652,100
653,42
654,67
655,56
656,67
657,95
658,25
659,3
660,29
661,60
662,68
663,96
664,20
665,4
666,94
667,11
668,14
669,42
670,50
671,47
672,38
673,5
674,26
675,59
676,94
677,95
678,32
679,53
680,80
681,100
682,10
683,47
684,95
685,89
686,5
687,33
688,88
689,4
690,48
691,84
692,84
693,55
694,69
695,15
696,35
697,59
698,43
699,61
700,20
701,25
702,79
703,58
704,28
705,65
706,66
707,85
708,79
709,22
710,10
711,70
712,43
713,22
714,49
715,46
716,79
717,47
718,81
719,26
720,59
721,17
722,69
723,73
724,63
725,70
726,47
727,93
728,48
729,51
730,3
731,90
732,8
733,42
734,35
735,2
736,55
737,18
738,95
739,45
740,36
741,24
742,80
743,93
744,18
745,55
746,61
747,74
748,25
749,83
750,99
751,85
752,72
753,84
754,59
755,14
756,9
757,18
758,76
759,96
760,29
761,71
762,27
763,12
764,72
765,3
766,30
767,45
768,94
769,16
770,67
771,97
772,59
773,75
774,28
775,84
776,44
777,2
778,47
779,3
780,74
781,31
782,58
783,61
784,47
785,6
786,85
787,34
788,26
789,84
790,2
791,29
792,48
793,25
794,52
795,72
796,67
797,43
798,8
799,56
800,46
801,80
802,99
803,75
804,98
805,47
806,55
807,93
808,9
809,99
810,100
811,13
812,42
813,91
814,25
815,95
816,92
817,31
818,74
819,7
820,78
821,27
822,51
823,32
824,67
825,98
826,85
827,37
828,97
829,55
830,98
831,1
832,20
833,84
834,47
835,51
836,99
837,26
838,3
839,58
840,8
841,45
842,73
843,19
844,98
845,90
846,81
847,15
848,40
849,57
850,37
851,92
852,62
853,21
854,90
855,59
856,89
857,5
858,87
859,87
860,26
861,13
862,64
863,6
864,92
865,72
866,55
867,99
868,8
869,87
870,67
871,6
872,48
873,35
874,58
875,48
876,36
877,19
878,99
879,20
880,56
881,93
882,41
883,61
884,61
885,86
886,74
887,55
888,82
889,66
890,52
891,33
892,86
893,9
894,13
895,24
896,64
897,72
898,92
899,33
900,62
901,16
902,39
903,56
904,88
905,53
906,43
907,26
908,10
909,82
910,5
911,41
912,72
913,27
914,6
915,79
916,78
917,75
918,44
919,47
920,46
921,91
922,27
923,80
924,90
925,37
926,94
927,78
928,49
929,81
930,4
931,84
932,89
933,54
934,61
935,89
936,44
937,41
938,19
939,75
940,13
941,71
942,79
943,7
944,18
945,10
946,99
947,69
948,86
949,94
950,40
951,18
952,3
953,18
954,74
955,42
956,1
957,69
958,66
959,17
960,79
961,28
962,76
963,12
964,60
965,99
966,11
967,15
968,1
969,20
970,81
971,38
972,13
973,100
974,17
975,34
976,50
977,68
978,29
979,61
980,78
981,93
982,53
983,70
984,18
985,80
986,55
987,59
988,86
989,27
990,30
991,100
992,65
993,76
994,2
995,22
996,24
997,35
998,26
999,4
1000,20
